anho,estado,mes,length_bin,n
1982,Colima,11,NA,3
1983,Colima,1,NA,2
1983,Colima,3,NA,1
1983,Colima,4,NA,47
1983,Colima,5,NA,157
1983,Colima,6,NA,1
1983,Colima,9,NA,7
1983,Colima,11,NA,5
1984,Colima,1,NA,6
1984,Colima,2,NA,59
1984,Colima,3,NA,83
1984,Colima,5,NA,14
1984,Colima,6,NA,2
1984,Colima,7,NA,86
1984,Colima,8,NA,105
1984,Colima,9,NA,1
1984,Colima,10,NA,1
1984,Colima,12,NA,18
1985,Colima,3,NA,22
1985,Colima,4,NA,1
1985,Colima,6,NA,1
1985,Colima,11,NA,26
1985,Colima,12,NA,9
1986,Colima,1,NA,84
1986,Colima,2,NA,41
1986,Colima,3,NA,36
1986,Colima,4,NA,97
1986,Colima,5,NA,28
1986,Colima,6,NA,41
1986,Colima,7,NA,62
1986,Colima,8,NA,49
1986,Colima,9,NA,79
1986,Colima,10,NA,91
1987,Colima,1,NA,65
1988,Colima,1,NA,97
1989,Colima,7,22.5,4
1989,Colima,7,27.5,6
1989,Colima,7,32.5,6
1989,Colima,7,37.5,10
1989,Colima,7,42.5,3
1989,Colima,8,17.5,33
1989,Colima,8,22.5,138
1989,Colima,8,27.5,6
1989,Colima,8,32.5,1
1989,Colima,8,NA,1
1989,Colima,9,17.5,23
1989,Colima,9,22.5,118
1989,Colima,9,27.5,8
1989,Colima,10,NA,22
1989,Colima,11,32.5,5
1989,Colima,11,47.5,1
1989,Colima,12,NA,68
1990,Colima,1,37.5,1
1990,Colima,1,42.5,1
1990,Colima,2,17.5,10
1990,Colima,2,22.5,32
1990,Colima,2,27.5,9
1990,Colima,2,32.5,21
1990,Colima,2,37.5,1
1990,Colima,3,12.5,1
1990,Colima,3,17.5,14
1990,Colima,3,22.5,18
1990,Colima,3,27.5,19
1990,Colima,3,32.5,41
1990,Colima,3,37.5,2
1990,Colima,3,42.5,1
1990,Colima,3,NA,1
1990,Colima,4,17.5,7
1990,Colima,4,22.5,6
1990,Colima,4,27.5,3
1990,Colima,4,32.5,4
1990,Colima,4,37.5,1
1990,Colima,5,12.5,2
1990,Colima,5,17.5,33
1990,Colima,5,22.5,17
1990,Colima,5,32.5,2
1990,Colima,5,37.5,11
1990,Colima,7,17.5,14
1990,Colima,7,22.5,7
1990,Colima,8,17.5,4
1990,Colima,8,22.5,1
1990,Colima,8,27.5,1
1990,Colima,8,32.5,4
1990,Colima,8,37.5,1
1990,Colima,9,17.5,15
1990,Colima,9,22.5,25
1990,Colima,9,27.5,12
1990,Colima,9,32.5,3
1990,Colima,10,12.5,12
1990,Colima,10,17.5,74
1990,Colima,10,22.5,43
1990,Colima,10,27.5,20
1990,Colima,10,32.5,3
1990,Colima,10,37.5,1
1990,Colima,10,42.5,1
1990,Colima,11,17.5,18
1990,Colima,11,22.5,24
1990,Colima,11,27.5,1
1990,Colima,12,17.5,1
1990,Colima,12,22.5,5
1990,Colima,12,27.5,1
1991,Colima,1,12.5,9
1991,Colima,1,17.5,40
1991,Colima,1,22.5,45
1991,Colima,1,27.5,23
1991,Colima,1,32.5,4
1991,Colima,1,67.5,1
1991,Colima,2,12.5,6
1991,Colima,2,17.5,212
1991,Colima,2,22.5,78
1991,Colima,2,27.5,57
1991,Colima,2,32.5,55
1991,Colima,2,37.5,16
1991,Colima,2,42.5,2
1991,Colima,2,NA,1
1991,Colima,3,12.5,2
1991,Colima,3,17.5,270
1991,Colima,3,22.5,174
1991,Colima,3,27.5,95
1991,Colima,3,32.5,66
1991,Colima,3,37.5,21
1991,Colima,3,52.5,2
1991,Colima,3,NA,2
1991,Colima,4,12.5,5
1991,Colima,4,17.5,188
1991,Colima,4,22.5,27
1991,Colima,4,27.5,3
1991,Colima,4,32.5,3
1991,Colima,4,37.5,1
1996,Colima,7,17.5,42
1996,Colima,7,22.5,364
1996,Colima,7,27.5,55
1996,Colima,7,37.5,1
1996,Colima,8,17.5,43
1996,Colima,8,22.5,491
1996,Colima,8,27.5,84
1996,Colima,9,17.5,2
1996,Colima,9,22.5,208
1996,Colima,9,27.5,395
1996,Colima,9,32.5,2
1996,Colima,9,37.5,6
1996,Colima,9,47.5,1
1996,Colima,9,NA,1
1996,Colima,10,17.5,4
1996,Colima,10,22.5,48
1996,Colima,10,27.5,171
1996,Colima,10,32.5,17
1996,Colima,10,57.5,1
1996,Colima,10,67.5,1
1996,Colima,10,NA,1
1996,Colima,11,17.5,1
1996,Colima,11,22.5,27
1996,Colima,11,27.5,25
1996,Colima,11,32.5,19
1996,Colima,11,37.5,2
1996,Colima,11,42.5,1
1996,Colima,12,22.5,41
1996,Colima,12,27.5,2
1996,Colima,12,32.5,1
1997,Colima,2,17.5,2
1997,Colima,2,22.5,9
1997,Colima,2,27.5,7
1997,Colima,2,32.5,262
1997,Colima,2,37.5,25
1997,Colima,2,47.5,1
1997,Colima,3,22.5,9
1997,Colima,3,27.5,10
1997,Colima,3,32.5,7
1997,Colima,3,37.5,3
1997,Colima,5,17.5,5
1997,Colima,5,22.5,45
1997,Colima,5,27.5,11
1997,Colima,5,32.5,15
1997,Colima,5,37.5,41
1997,Colima,5,42.5,80
1997,Colima,5,47.5,3
1997,Colima,5,77.5,1
1997,Colima,5,NA,1
1997,Colima,6,17.5,24
1997,Colima,6,22.5,96
1997,Colima,6,27.5,39
1997,Colima,6,32.5,51
1997,Colima,6,37.5,18
1997,Colima,6,42.5,9
1997,Colima,6,47.5,2
1997,Colima,7,22.5,1
1997,Colima,7,27.5,8
1997,Colima,7,32.5,1
1997,Colima,7,37.5,4
1997,Colima,7,42.5,1
1997,Colima,7,47.5,1
1997,Colima,8,22.5,15
1997,Colima,8,27.5,183
1997,Colima,8,32.5,92
1997,Colima,8,37.5,26
1997,Colima,8,42.5,18
1997,Colima,8,47.5,1
1997,Colima,9,17.5,17
1997,Colima,9,22.5,137
1997,Colima,9,27.5,62
1997,Colima,9,32.5,12
1997,Colima,9,37.5,4
1997,Colima,9,47.5,1
1997,Colima,10,12.5,1
1997,Colima,10,17.5,150
1997,Colima,10,22.5,263
1997,Colima,10,27.5,50
1997,Colima,10,32.5,73
1997,Colima,10,37.5,19
1997,Colima,10,42.5,13
1997,Colima,10,47.5,5
1997,Colima,10,92.5,1
1997,Colima,10,NA,2
1997,Colima,11,17.5,53
1997,Colima,11,22.5,102
1997,Colima,11,27.5,17
1997,Colima,11,32.5,49
1997,Colima,11,37.5,7
1997,Colima,11,42.5,4
1997,Colima,11,NA,1
1997,Colima,12,17.5,46
1997,Colima,12,22.5,37
1997,Colima,12,27.5,20
1997,Colima,12,32.5,39
1997,Colima,12,37.5,15
1997,Colima,12,42.5,6
1997,Colima,12,NA,1
1998,Colima,1,17.5,10
1998,Colima,1,22.5,135
1998,Colima,1,27.5,112
1998,Colima,1,32.5,15
1998,Colima,1,37.5,3
1998,Colima,1,42.5,4
1998,Colima,1,47.5,2
1998,Colima,5,17.5,25
1998,Colima,5,22.5,71
1998,Colima,5,27.5,265
1998,Colima,5,32.5,183
1998,Colima,5,37.5,42
1998,Colima,5,42.5,15
1998,Colima,5,47.5,2
1998,Colima,5,NA,5
1998,Colima,6,17.5,144
1998,Colima,6,22.5,137
1998,Colima,6,27.5,27
1998,Colima,6,32.5,8
1998,Colima,6,NA,3
1998,Colima,7,17.5,4
1998,Colima,7,22.5,214
1998,Colima,7,27.5,75
1998,Colima,7,32.5,27
1998,Colima,7,37.5,5
1998,Colima,7,52.5,2
1998,Colima,7,62.5,1
1998,Colima,7,67.5,3
1998,Colima,7,72.5,1
1998,Colima,7,NA,1
1998,Colima,8,17.5,3
1998,Colima,8,22.5,68
1998,Colima,8,27.5,51
1998,Colima,8,32.5,16
1998,Colima,8,37.5,5
1998,Colima,8,42.5,6
1998,Colima,8,47.5,4
1998,Colima,8,52.5,3
1998,Colima,8,57.5,2
1998,Colima,8,NA,1
1998,Colima,9,22.5,2
1998,Colima,9,27.5,2
1998,Colima,9,NA,1
1998,Colima,10,17.5,6
1998,Colima,10,22.5,75
1998,Colima,10,27.5,139
1998,Colima,10,32.5,39
1998,Colima,10,37.5,1
1998,Colima,11,17.5,9
1998,Colima,11,22.5,28
1998,Colima,11,27.5,45
1998,Colima,11,32.5,18
1998,Colima,11,37.5,4
1998,Colima,11,42.5,5
1998,Colima,11,47.5,6
1998,Colima,11,57.5,1
1998,Colima,12,17.5,2
1998,Colima,12,22.5,59
1998,Colima,12,27.5,35
1998,Colima,12,32.5,2
1998,Colima,12,47.5,10
1998,Colima,12,52.5,2
1998,Colima,12,57.5,1
1998,Colima,12,62.5,1
1999,Colima,1,17.5,15
1999,Colima,1,22.5,242
1999,Colima,1,27.5,75
1999,Colima,1,32.5,8
1999,Colima,1,57.5,1
1999,Colima,2,17.5,19
1999,Colima,2,22.5,203
1999,Colima,2,27.5,86
1999,Colima,2,32.5,14
1999,Colima,3,12.5,3
1999,Colima,3,17.5,49
1999,Colima,3,22.5,197
1999,Colima,3,27.5,41
1999,Colima,3,32.5,7
1999,Colima,3,37.5,14
1999,Colima,3,42.5,2
1999,Colima,3,47.5,1
1999,Colima,4,12.5,7
1999,Colima,4,17.5,65
1999,Colima,4,22.5,95
1999,Colima,4,27.5,128
1999,Colima,4,32.5,209
1999,Colima,4,37.5,69
1999,Colima,4,42.5,7
1999,Colima,4,47.5,2
1999,Colima,4,NA,2
1999,Colima,5,12.5,1
1999,Colima,5,17.5,58
1999,Colima,5,22.5,184
1999,Colima,5,27.5,109
1999,Colima,5,32.5,48
1999,Colima,5,37.5,4
1999,Colima,5,42.5,2
1999,Colima,6,12.5,1
1999,Colima,6,17.5,28
1999,Colima,6,22.5,68
1999,Colima,6,27.5,16
1999,Colima,6,32.5,25
1999,Colima,6,37.5,14
1999,Colima,6,42.5,18
1999,Colima,6,47.5,3
1999,Colima,6,57.5,1
1999,Colima,7,12.5,1
1999,Colima,7,17.5,37
1999,Colima,7,22.5,197
1999,Colima,7,27.5,46
1999,Colima,7,32.5,61
1999,Colima,7,37.5,31
1999,Colima,7,42.5,19
1999,Colima,7,47.5,4
1999,Colima,7,57.5,1
1999,Colima,8,17.5,31
1999,Colima,8,22.5,193
1999,Colima,8,27.5,17
1999,Colima,9,22.5,174
1999,Colima,9,27.5,169
1999,Colima,9,32.5,1
1999,Colima,10,22.5,165
1999,Colima,10,27.5,169
1999,Colima,10,32.5,8
1999,Colima,10,37.5,3
1999,Colima,10,42.5,1
1999,Colima,10,NA,1
1999,Colima,11,17.5,1
1999,Colima,11,22.5,81
1999,Colima,11,27.5,73
1999,Colima,11,32.5,1
1999,Colima,12,17.5,19
1999,Colima,12,22.5,113
1999,Colima,12,27.5,35
1999,Colima,12,32.5,4
1999,Colima,12,42.5,5
1999,Colima,12,47.5,11
1999,Colima,12,52.5,1
1999,Colima,12,57.5,8
2000,Colima,1,17.5,4
2000,Colima,1,22.5,232
2000,Colima,1,27.5,89
2000,Colima,1,32.5,7
2000,Colima,1,37.5,1
2000,Colima,1,42.5,1
2000,Colima,2,17.5,4
2000,Colima,2,22.5,31
2000,Colima,2,27.5,109
2000,Colima,2,32.5,53
2000,Colima,2,37.5,2
2000,Colima,2,47.5,1
2000,Colima,2,NA,1
2000,Colima,3,17.5,11
2000,Colima,3,22.5,4
2000,Colima,3,27.5,8
2000,Colima,3,32.5,1
2000,Colima,4,22.5,1
2000,Colima,4,27.5,16
2000,Colima,4,32.5,8
2000,Colima,4,37.5,4
2000,Colima,4,42.5,2
2000,Colima,4,47.5,1
2000,Colima,4,NA,1
2000,Colima,5,17.5,7
2000,Colima,5,22.5,53
2000,Colima,5,27.5,12
2000,Colima,5,32.5,4
2000,Colima,5,37.5,5
2000,Colima,5,42.5,1
2000,Colima,5,47.5,1
2000,Colima,6,17.5,59
2000,Colima,6,22.5,52
2000,Colima,6,27.5,2
2000,Colima,6,32.5,22
2000,Colima,6,37.5,55
2000,Colima,6,42.5,13
2000,Colima,6,47.5,1
2000,Colima,6,52.5,2
2000,Colima,7,17.5,3
2000,Colima,7,22.5,178
2000,Colima,7,27.5,38
2000,Colima,7,32.5,3
2000,Colima,8,17.5,2
2000,Colima,8,22.5,117
2000,Colima,8,27.5,163
2000,Colima,8,32.5,8
2000,Colima,8,37.5,2
2000,Colima,8,42.5,1
2000,Colima,9,17.5,62
2000,Colima,9,22.5,137
2000,Colima,9,27.5,108
2000,Colima,9,32.5,2
2000,Colima,10,22.5,33
2000,Colima,10,27.5,138
2000,Colima,10,32.5,8
2000,Colima,10,37.5,1
2000,Colima,10,47.5,1
2000,Colima,11,17.5,39
2000,Colima,11,22.5,53
2000,Colima,11,27.5,29
2000,Colima,11,32.5,55
2000,Colima,11,37.5,2
2000,Colima,11,42.5,4
2000,Colima,11,47.5,1
2000,Colima,12,22.5,76
2000,Colima,12,27.5,13
2000,Colima,12,32.5,9
2001,Colima,1,17.5,13
2001,Colima,1,22.5,87
2001,Colima,1,27.5,7
2001,Colima,1,32.5,11
2001,Colima,2,12.5,1
2001,Colima,2,17.5,8
2001,Colima,2,22.5,16
2001,Colima,2,27.5,4
2001,Colima,2,32.5,3
2001,Colima,2,37.5,2
2001,Colima,3,17.5,258
2001,Colima,3,22.5,25
2001,Colima,3,27.5,2
2001,Colima,3,37.5,5
2001,Colima,3,42.5,1
2001,Colima,3,47.5,6
2001,Colima,3,52.5,2
2001,Colima,3,62.5,1
2001,Colima,3,NA,1
2001,Colima,4,17.5,204
2001,Colima,4,22.5,51
2001,Colima,4,27.5,19
2001,Colima,4,32.5,21
2001,Colima,4,37.5,2
2001,Colima,4,NA,1
2001,Colima,5,17.5,88
2001,Colima,5,22.5,138
2001,Colima,5,27.5,7
2001,Colima,5,32.5,1
2001,Colima,5,37.5,2
2001,Colima,5,42.5,2
2001,Colima,5,47.5,4
2001,Colima,5,52.5,5
2001,Colima,6,17.5,26
2001,Colima,6,22.5,80
2001,Colima,6,27.5,5
2001,Colima,6,32.5,1
2001,Colima,6,37.5,2
2001,Colima,6,42.5,12
2001,Colima,6,47.5,1
2001,Colima,7,17.5,62
2001,Colima,7,22.5,111
2001,Colima,7,27.5,12
2001,Colima,7,NA,1
2001,Colima,8,17.5,30
2001,Colima,8,22.5,14
2001,Colima,8,27.5,21
2001,Colima,8,37.5,1
2001,Colima,9,17.5,2
2001,Colima,9,27.5,8
2001,Colima,10,17.5,2
2001,Colima,10,22.5,13
2001,Colima,10,27.5,13
2001,Colima,10,32.5,4
2001,Colima,10,42.5,1
2001,Colima,10,57.5,1
2002,Colima,3,12.5,12
2002,Colima,3,17.5,35
2002,Colima,3,22.5,4
2002,Colima,3,27.5,2
2002,Colima,3,72.5,1
2002,Colima,4,17.5,46
2002,Colima,4,22.5,11
2002,Colima,4,27.5,6
2002,Colima,4,32.5,14
2002,Colima,4,37.5,4
2002,Colima,4,42.5,3
2002,Colima,4,NA,1
2002,Colima,5,17.5,30
2002,Colima,5,22.5,19
2002,Colima,5,27.5,1
2002,Colima,5,32.5,2
2002,Colima,6,22.5,19
2002,Colima,6,27.5,11
2002,Colima,6,32.5,91
2002,Colima,6,37.5,62
2002,Colima,6,42.5,15
2002,Colima,6,47.5,1
2002,Colima,6,67.5,1
2002,Colima,7,17.5,9
2002,Colima,7,22.5,44
2002,Colima,7,27.5,4
2002,Colima,8,12.5,1
2002,Colima,8,17.5,21
2002,Colima,8,22.5,66
2002,Colima,8,27.5,59
2002,Colima,8,32.5,6
2002,Colima,8,37.5,1
2002,Colima,9,22.5,57
2002,Colima,9,27.5,112
2002,Colima,9,32.5,11
2002,Colima,9,37.5,6
2002,Colima,9,42.5,2
2002,Colima,9,52.5,1
2002,Colima,10,17.5,19
2002,Colima,10,22.5,43
2002,Colima,10,27.5,133
2002,Colima,10,32.5,6
2002,Colima,10,37.5,2
2002,Colima,10,82.5,1
2002,Colima,10,NA,5
2002,Colima,11,12.5,1
2002,Colima,11,17.5,47
2002,Colima,11,22.5,22
2002,Colima,11,27.5,44
2002,Colima,11,32.5,1
2002,Colima,11,37.5,1
2002,Colima,11,42.5,3
2002,Colima,11,47.5,6
2002,Colima,11,52.5,3
2002,Colima,11,67.5,1
2002,Colima,11,72.5,2
2002,Colima,12,22.5,3
2002,Colima,12,27.5,6
2002,Colima,12,32.5,1
2002,Colima,12,57.5,1
2002,Colima,12,62.5,1
2002,Colima,12,NA,1
2002,Guerrero,7,22.5,6
2002,Guerrero,7,27.5,6
2002,Guerrero,7,32.5,7
2002,Guerrero,7,37.5,2
2002,Guerrero,7,42.5,8
2002,Guerrero,8,17.5,3
2002,Guerrero,8,22.5,1
2002,Guerrero,8,27.5,2
2002,Guerrero,8,32.5,6
2002,Guerrero,8,37.5,12
2002,Guerrero,9,17.5,6
2002,Guerrero,9,22.5,3
2002,Guerrero,9,27.5,9
2002,Guerrero,9,32.5,4
2002,Guerrero,9,37.5,4
2002,Guerrero,10,27.5,13
2002,Guerrero,10,32.5,18
2002,Guerrero,10,37.5,1
2002,Guerrero,11,22.5,15
2002,Guerrero,11,27.5,6
2002,Guerrero,12,27.5,11
2002,Guerrero,12,32.5,15
2002,Guerrero,12,37.5,3
2002,Guerrero,12,52.5,1
2002,Jalisco,4,27.5,3
2002,Jalisco,4,32.5,1
2002,Jalisco,4,42.5,2
2002,Jalisco,4,47.5,3
2002,Jalisco,4,62.5,1
2002,Jalisco,4,67.5,1
2002,Jalisco,4,72.5,1
2002,Jalisco,5,17.5,3
2002,Jalisco,5,22.5,31
2002,Jalisco,5,27.5,31
2002,Jalisco,5,32.5,39
2002,Jalisco,5,37.5,12
2002,Jalisco,5,42.5,5
2002,Jalisco,5,52.5,1
2002,Jalisco,5,57.5,4
2002,Jalisco,5,77.5,1
2002,Jalisco,6,22.5,5
2002,Jalisco,6,27.5,12
2002,Jalisco,6,52.5,3
2002,Jalisco,7,17.5,1
2002,Jalisco,7,22.5,35
2002,Jalisco,7,27.5,46
2002,Jalisco,7,32.5,19
2002,Jalisco,7,37.5,12
2002,Jalisco,7,52.5,5
2002,Jalisco,7,57.5,6
2002,Jalisco,7,62.5,3
2002,Jalisco,7,67.5,1
2002,Jalisco,7,NA,1
2002,Jalisco,8,22.5,51
2002,Jalisco,8,27.5,93
2002,Jalisco,8,32.5,14
2002,Jalisco,8,37.5,8
2002,Jalisco,9,22.5,12
2002,Jalisco,9,27.5,55
2002,Jalisco,9,32.5,6
2002,Jalisco,9,37.5,1
2002,Jalisco,9,42.5,2
2002,Jalisco,9,47.5,1
2002,Jalisco,9,52.5,2
2002,Jalisco,9,57.5,1
2002,Jalisco,9,NA,5
2002,Jalisco,10,22.5,43
2002,Jalisco,10,27.5,105
2002,Jalisco,10,32.5,4
2002,Jalisco,10,37.5,1
2002,Jalisco,10,42.5,13
2002,Jalisco,10,47.5,12
2002,Jalisco,10,52.5,2
2002,Jalisco,10,57.5,3
2002,Jalisco,10,62.5,8
2002,Jalisco,10,67.5,2
2002,Jalisco,10,NA,1
2002,Jalisco,11,32.5,2
2002,Jalisco,11,37.5,3
2002,Jalisco,11,42.5,3
2002,Jalisco,11,47.5,1
2002,Jalisco,12,22.5,2
2002,Jalisco,12,47.5,1
2002,Jalisco,12,52.5,3
2002,Jalisco,12,57.5,4
2002,Jalisco,12,62.5,3
2003,Colima,1,17.5,30
2003,Colima,1,22.5,23
2003,Colima,1,27.5,5
2003,Colima,1,32.5,5
2003,Colima,2,17.5,55
2003,Colima,2,22.5,78
2003,Colima,2,27.5,42
2003,Colima,2,32.5,8
2003,Colima,2,37.5,1
2003,Colima,3,17.5,72
2003,Colima,3,22.5,54
2003,Colima,3,27.5,69
2003,Colima,3,32.5,33
2003,Colima,3,37.5,7
2003,Colima,3,42.5,3
2003,Colima,3,52.5,1
2003,Colima,4,17.5,2
2003,Colima,4,22.5,22
2003,Colima,4,27.5,60
2003,Colima,4,32.5,35
2003,Colima,4,37.5,17
2003,Colima,4,42.5,4
2003,Colima,4,47.5,1
2003,Colima,4,62.5,1
2003,Colima,4,67.5,2
2003,Colima,5,22.5,6
2003,Colima,5,27.5,9
2003,Colima,5,32.5,1
2003,Colima,5,37.5,1
2003,Colima,6,17.5,3
2003,Colima,6,22.5,64
2003,Colima,6,27.5,171
2003,Colima,6,32.5,37
2003,Colima,6,37.5,7
2003,Colima,6,42.5,2
2003,Colima,6,67.5,3
2003,Colima,6,72.5,1
2003,Colima,6,77.5,1
2003,Colima,6,NA,3
2003,Colima,7,22.5,62
2003,Colima,7,27.5,38
2003,Colima,7,32.5,9
2003,Colima,7,37.5,1
2003,Colima,7,42.5,1
2003,Colima,8,17.5,2
2003,Colima,8,22.5,92
2003,Colima,8,27.5,29
2003,Colima,8,32.5,3
2003,Colima,8,37.5,2
2003,Colima,9,12.5,1
2003,Colima,9,17.5,2
2003,Colima,9,22.5,4
2003,Colima,9,27.5,3
2003,Colima,9,42.5,1
2003,Colima,11,22.5,2
2003,Colima,11,27.5,58
2003,Colima,11,32.5,34
2003,Colima,12,22.5,5
2003,Colima,12,27.5,6
2003,Jalisco,2,22.5,5
2003,Jalisco,2,27.5,24
2003,Jalisco,2,32.5,106
2003,Jalisco,2,37.5,52
2003,Jalisco,2,42.5,1
2003,Jalisco,2,47.5,1
2003,Jalisco,2,52.5,1
2003,Jalisco,2,57.5,1
2003,Jalisco,2,NA,8
2003,Jalisco,3,22.5,6
2003,Jalisco,3,27.5,30
2003,Jalisco,3,32.5,26
2003,Jalisco,3,37.5,12
2003,Jalisco,3,42.5,2
2003,Jalisco,3,57.5,3
2003,Jalisco,4,22.5,5
2003,Jalisco,4,27.5,36
2003,Jalisco,4,32.5,4
2003,Jalisco,5,17.5,7
2003,Jalisco,5,22.5,87
2003,Jalisco,5,27.5,20
2003,Jalisco,5,32.5,23
2003,Jalisco,5,37.5,11
2003,Jalisco,5,42.5,1
2003,Jalisco,5,67.5,1
2003,Jalisco,5,72.5,1
2003,Jalisco,5,77.5,4
2003,Jalisco,5,92.5,1
2003,Jalisco,6,17.5,20
2003,Jalisco,6,22.5,10
2003,Jalisco,6,27.5,10
2003,Jalisco,6,32.5,2
2003,Jalisco,6,42.5,1
2003,Jalisco,7,17.5,24
2003,Jalisco,7,22.5,66
2003,Jalisco,7,27.5,121
2003,Jalisco,7,32.5,43
2003,Jalisco,7,37.5,13
2003,Jalisco,7,42.5,2
2003,Jalisco,7,57.5,1
2003,Jalisco,8,17.5,30
2003,Jalisco,8,22.5,146
2003,Jalisco,8,27.5,59
2003,Jalisco,8,32.5,1
2003,Jalisco,8,37.5,2
2003,Jalisco,8,47.5,1
2003,Jalisco,8,52.5,7
2003,Jalisco,8,57.5,16
2003,Jalisco,8,62.5,20
2003,Jalisco,8,67.5,12
2003,Jalisco,8,NA,1
2003,Jalisco,9,22.5,42
2003,Jalisco,9,27.5,65
2003,Jalisco,9,32.5,35
2003,Jalisco,9,37.5,2
2003,Jalisco,10,27.5,1
2003,Jalisco,11,17.5,10
2003,Jalisco,11,22.5,16
2003,Jalisco,11,27.5,7
2003,Jalisco,11,62.5,8
2003,Jalisco,11,67.5,3
2003,Jalisco,12,22.5,1
2003,Jalisco,12,27.5,3
2003,Jalisco,12,57.5,1
2003,Jalisco,12,62.5,1
2003,Jalisco,12,67.5,2
2004,Colima,1,22.5,8
2004,Colima,2,22.5,10
2004,Colima,2,27.5,16
2004,Colima,2,32.5,3
2004,Colima,3,17.5,88
2004,Colima,3,22.5,55
2004,Colima,3,27.5,23
2004,Colima,3,32.5,1
2004,Colima,3,37.5,1
2004,Colima,4,22.5,45
2004,Colima,4,27.5,52
2004,Colima,4,32.5,10
2004,Colima,4,37.5,14
2004,Colima,4,42.5,7
2004,Colima,4,47.5,2
2004,Colima,4,52.5,1
2004,Colima,4,57.5,10
2004,Colima,4,67.5,3
2004,Colima,4,72.5,1
2004,Colima,4,82.5,1
2004,Colima,5,17.5,19
2004,Colima,5,22.5,214
2004,Colima,5,27.5,38
2004,Colima,5,32.5,7
2004,Colima,6,22.5,26
2004,Colima,6,27.5,35
2004,Colima,6,32.5,11
2004,Colima,7,22.5,9
2004,Colima,7,27.5,13
2004,Colima,7,32.5,1
2004,Colima,8,17.5,19
2004,Colima,8,22.5,202
2004,Colima,8,27.5,154
2004,Colima,8,32.5,2
2004,Colima,8,NA,1
2004,Colima,9,17.5,14
2004,Colima,9,22.5,7
2004,Colima,9,27.5,26
2004,Colima,9,32.5,15
2004,Colima,9,37.5,7
2004,Colima,10,17.5,1
2004,Colima,10,22.5,74
2004,Colima,10,27.5,23
2004,Colima,10,32.5,3
2004,Colima,11,22.5,32
2004,Colima,11,27.5,278
2004,Colima,11,32.5,92
2004,Colima,11,37.5,4
2004,Colima,11,47.5,1
2004,Colima,11,NA,1
2004,Colima,12,17.5,5
2004,Colima,12,22.5,34
2004,Colima,12,27.5,100
2004,Colima,12,32.5,12
2004,Colima,12,NA,1
2004,Guerrero,3,22.5,4
2004,Guerrero,3,32.5,1
2004,Guerrero,3,37.5,1
2004,Guerrero,3,47.5,1
2004,Guerrero,3,62.5,1
2004,Guerrero,3,77.5,2
2004,Guerrero,5,17.5,1
2004,Guerrero,5,22.5,12
2004,Guerrero,5,27.5,1
2004,Guerrero,8,17.5,2
2004,Guerrero,8,22.5,14
2004,Guerrero,8,27.5,2
2004,Guerrero,8,42.5,1
2004,Guerrero,9,17.5,3
2004,Guerrero,9,22.5,37
2004,Guerrero,9,27.5,16
2004,Guerrero,9,32.5,1
2004,Guerrero,9,37.5,2
2004,Guerrero,10,22.5,41
2004,Guerrero,10,27.5,22
2004,Guerrero,10,32.5,3
2004,Guerrero,10,42.5,1
2004,Guerrero,11,17.5,7
2004,Guerrero,11,22.5,26
2004,Guerrero,11,27.5,29
2004,Guerrero,11,32.5,34
2004,Guerrero,11,37.5,19
2004,Guerrero,11,42.5,13
2004,Guerrero,11,47.5,5
2004,Guerrero,11,52.5,3
2004,Guerrero,11,57.5,5
2004,Guerrero,11,62.5,6
2004,Guerrero,11,67.5,2
2004,Guerrero,12,17.5,3
2004,Guerrero,12,22.5,2
2004,Guerrero,12,27.5,3
2004,Guerrero,12,32.5,10
2004,Guerrero,12,37.5,8
2004,Jalisco,1,22.5,61
2004,Jalisco,1,27.5,51
2004,Jalisco,1,32.5,28
2004,Jalisco,1,37.5,12
2004,Jalisco,1,47.5,1
2004,Jalisco,1,52.5,3
2004,Jalisco,1,62.5,1
2004,Jalisco,1,NA,4
2004,Jalisco,2,22.5,6
2004,Jalisco,2,27.5,4
2004,Jalisco,2,32.5,4
2004,Jalisco,2,37.5,4
2004,Jalisco,2,42.5,6
2004,Jalisco,2,47.5,2
2004,Jalisco,2,NA,2
2004,Jalisco,3,17.5,114
2004,Jalisco,3,22.5,209
2004,Jalisco,3,27.5,90
2004,Jalisco,3,32.5,2
2004,Jalisco,4,17.5,1
2004,Jalisco,4,27.5,9
2004,Jalisco,4,32.5,11
2004,Jalisco,4,37.5,1
2004,Jalisco,4,52.5,3
2004,Jalisco,4,57.5,5
2004,Jalisco,4,62.5,3
2004,Jalisco,4,82.5,1
2004,Jalisco,4,NA,1
2004,Jalisco,5,22.5,7
2004,Jalisco,5,27.5,63
2004,Jalisco,5,32.5,57
2004,Jalisco,5,37.5,12
2004,Jalisco,5,42.5,6
2004,Jalisco,5,52.5,1
2004,Jalisco,5,NA,10
2004,Jalisco,6,22.5,1
2004,Jalisco,6,27.5,13
2004,Jalisco,6,32.5,1
2004,Jalisco,6,37.5,1
2004,Jalisco,7,22.5,99
2004,Jalisco,7,27.5,74
2004,Jalisco,7,32.5,2
2004,Jalisco,7,NA,1
2004,Jalisco,8,17.5,3
2004,Jalisco,8,22.5,204
2004,Jalisco,8,27.5,21
2004,Jalisco,8,32.5,4
2004,Jalisco,8,37.5,1
2004,Jalisco,8,77.5,1
2004,Jalisco,8,NA,1
2004,Jalisco,9,22.5,2
2004,Jalisco,9,27.5,112
2004,Jalisco,9,32.5,46
2004,Jalisco,9,37.5,14
2004,Jalisco,9,42.5,3
2004,Jalisco,9,47.5,1
2004,Jalisco,9,52.5,2
2004,Jalisco,9,57.5,6
2004,Jalisco,9,62.5,9
2004,Jalisco,9,67.5,8
2004,Jalisco,9,72.5,2
2004,Jalisco,9,NA,2
2004,Jalisco,10,22.5,17
2004,Jalisco,10,27.5,52
2004,Jalisco,10,32.5,15
2004,Jalisco,10,37.5,4
2004,Jalisco,10,47.5,2
2004,Jalisco,10,57.5,1
2004,Jalisco,10,62.5,1
2004,Jalisco,10,67.5,1
2004,Jalisco,11,22.5,5
2004,Jalisco,11,27.5,30
2004,Jalisco,11,32.5,9
2004,Jalisco,11,62.5,2
2004,Jalisco,11,67.5,1
2004,Jalisco,11,NA,1
2004,Jalisco,12,22.5,68
2004,Jalisco,12,27.5,371
2004,Jalisco,12,32.5,28
2004,Jalisco,12,37.5,2
2004,Jalisco,12,NA,5
2004,Michoacan,4,12.5,1
2004,Michoacan,4,17.5,87
2004,Michoacan,4,22.5,92
2004,Michoacan,4,27.5,90
2004,Michoacan,4,32.5,19
2004,Michoacan,4,37.5,31
2004,Michoacan,4,42.5,5
2004,Michoacan,4,47.5,1
2004,Michoacan,4,57.5,1
2004,Michoacan,5,17.5,26
2004,Michoacan,5,22.5,50
2004,Michoacan,5,27.5,130
2004,Michoacan,5,32.5,40
2004,Michoacan,5,37.5,18
2004,Michoacan,5,42.5,3
2004,Michoacan,5,47.5,1
2004,Michoacan,5,52.5,1
2004,Michoacan,6,17.5,19
2004,Michoacan,6,22.5,130
2004,Michoacan,6,27.5,35
2004,Michoacan,6,32.5,17
2004,Michoacan,6,37.5,2
2004,Michoacan,7,17.5,5
2004,Michoacan,7,22.5,54
2004,Michoacan,7,27.5,141
2004,Michoacan,7,32.5,29
2004,Michoacan,7,37.5,2
2004,Michoacan,7,42.5,1
2004,Michoacan,8,17.5,10
2004,Michoacan,8,22.5,81
2004,Michoacan,8,27.5,17
2004,Michoacan,8,32.5,11
2004,Michoacan,8,37.5,5
2004,Michoacan,9,17.5,17
2004,Michoacan,9,22.5,174
2004,Michoacan,9,27.5,57
2004,Michoacan,9,32.5,12
2004,Michoacan,9,37.5,5
2004,Michoacan,9,42.5,4
2004,Michoacan,10,17.5,2
2004,Michoacan,10,22.5,67
2004,Michoacan,10,27.5,137
2004,Michoacan,10,32.5,7
2004,Michoacan,10,37.5,2
2004,Michoacan,10,42.5,4
2004,Michoacan,10,47.5,4
2004,Michoacan,11,17.5,2
2004,Michoacan,11,22.5,88
2004,Michoacan,11,27.5,79
2004,Michoacan,11,32.5,10
2004,Michoacan,11,37.5,4
2004,Michoacan,11,42.5,1
2004,Michoacan,11,47.5,8
2004,Michoacan,11,57.5,2
2004,Michoacan,12,22.5,60
2004,Michoacan,12,27.5,115
2004,Michoacan,12,32.5,14
2004,Michoacan,12,37.5,4
2004,Michoacan,12,42.5,3
2004,Michoacan,12,47.5,1
2005,Colima,1,22.5,32
2005,Colima,1,27.5,57
2005,Colima,1,32.5,41
2005,Colima,1,37.5,2
2005,Colima,2,12.5,1
2005,Colima,2,17.5,15
2005,Colima,2,22.5,45
2005,Colima,2,27.5,20
2005,Colima,2,32.5,6
2005,Colima,2,37.5,1
2005,Colima,2,42.5,2
2005,Colima,3,17.5,6
2005,Colima,3,22.5,12
2005,Colima,3,27.5,1
2005,Colima,3,37.5,19
2005,Colima,3,42.5,45
2005,Colima,3,47.5,11
2005,Colima,3,52.5,9
2005,Colima,3,57.5,5
2005,Colima,3,62.5,1
2005,Colima,4,17.5,36
2005,Colima,4,22.5,31
2005,Colima,4,27.5,1
2005,Colima,4,37.5,20
2005,Colima,4,42.5,56
2005,Colima,4,47.5,33
2005,Colima,4,52.5,22
2005,Colima,4,57.5,12
2005,Colima,4,62.5,1
2005,Colima,4,67.5,3
2005,Colima,4,77.5,3
2005,Colima,4,NA,1
2005,Colima,5,17.5,17
2005,Colima,5,22.5,45
2005,Colima,5,27.5,9
2005,Colima,5,32.5,2
2005,Colima,5,37.5,1
2005,Colima,6,17.5,1
2005,Colima,6,22.5,21
2005,Colima,6,27.5,4
2005,Colima,6,37.5,2
2005,Colima,6,47.5,2
2005,Colima,6,57.5,1
2005,Colima,6,67.5,2
2005,Colima,6,72.5,2
2005,Colima,7,27.5,6
2005,Colima,7,32.5,5
2005,Colima,7,37.5,3
2005,Colima,8,17.5,3
2005,Colima,8,22.5,88
2005,Colima,8,27.5,39
2005,Colima,8,32.5,26
2005,Colima,8,37.5,5
2005,Colima,8,42.5,4
2005,Colima,9,17.5,1
2005,Colima,9,22.5,53
2005,Colima,9,27.5,168
2005,Colima,9,32.5,13
2005,Colima,10,17.5,21
2005,Colima,10,22.5,82
2005,Colima,10,27.5,280
2005,Colima,10,32.5,22
2005,Colima,10,37.5,5
2005,Colima,10,42.5,5
2005,Colima,10,47.5,2
2005,Colima,10,52.5,1
2005,Colima,10,NA,2
2005,Colima,11,17.5,8
2005,Colima,11,22.5,80
2005,Colima,11,27.5,208
2005,Colima,11,32.5,43
2005,Colima,11,37.5,3
2005,Colima,11,62.5,1
2005,Colima,11,NA,1
2005,Colima,12,22.5,13
2005,Colima,12,27.5,37
2005,Colima,12,32.5,2
2005,Colima,12,37.5,1
2005,Colima,12,47.5,1
2005,Colima,12,NA,1
2005,Guerrero,3,22.5,8
2005,Guerrero,3,27.5,33
2005,Guerrero,3,32.5,3
2005,Guerrero,3,62.5,1
2005,Guerrero,3,67.5,1
2005,Guerrero,3,72.5,1
2005,Guerrero,5,12.5,1
2005,Guerrero,5,17.5,15
2005,Guerrero,5,22.5,3
2005,Guerrero,5,27.5,1
2005,Guerrero,5,32.5,2
2005,Guerrero,5,82.5,1
2005,Guerrero,8,27.5,1
2005,Jalisco,1,17.5,1
2005,Jalisco,1,22.5,77
2005,Jalisco,1,27.5,196
2005,Jalisco,1,32.5,203
2005,Jalisco,1,37.5,17
2005,Jalisco,1,47.5,1
2005,Jalisco,1,52.5,3
2005,Jalisco,1,57.5,2
2005,Jalisco,1,NA,1
2005,Jalisco,2,22.5,40
2005,Jalisco,2,27.5,234
2005,Jalisco,2,32.5,343
2005,Jalisco,2,37.5,49
2005,Jalisco,2,42.5,10
2005,Jalisco,2,47.5,19
2005,Jalisco,2,52.5,40
2005,Jalisco,2,57.5,15
2005,Jalisco,2,62.5,6
2005,Jalisco,2,67.5,2
2005,Jalisco,2,72.5,1
2005,Jalisco,3,22.5,8
2005,Jalisco,3,27.5,97
2005,Jalisco,3,32.5,246
2005,Jalisco,3,37.5,107
2005,Jalisco,3,42.5,9
2005,Jalisco,3,52.5,2
2005,Jalisco,3,57.5,10
2005,Jalisco,3,62.5,29
2005,Jalisco,3,67.5,49
2005,Jalisco,3,72.5,13
2005,Jalisco,3,NA,4
2005,Jalisco,4,22.5,2
2005,Jalisco,4,27.5,42
2005,Jalisco,4,32.5,19
2005,Jalisco,4,37.5,24
2005,Jalisco,4,42.5,4
2005,Jalisco,4,57.5,1
2005,Jalisco,4,67.5,6
2005,Jalisco,4,72.5,4
2005,Jalisco,5,17.5,5
2005,Jalisco,5,22.5,14
2005,Jalisco,5,27.5,8
2005,Jalisco,5,32.5,7
2005,Jalisco,5,37.5,18
2005,Jalisco,5,42.5,21
2005,Jalisco,5,57.5,1
2005,Jalisco,5,67.5,1
2005,Jalisco,5,72.5,1
2005,Jalisco,6,17.5,32
2005,Jalisco,6,22.5,75
2005,Jalisco,6,27.5,35
2005,Jalisco,6,32.5,12
2005,Jalisco,6,37.5,3
2005,Jalisco,6,42.5,5
2005,Jalisco,6,47.5,2
2005,Jalisco,6,87.5,1
2005,Jalisco,6,NA,6
2005,Jalisco,7,17.5,5
2005,Jalisco,7,22.5,89
2005,Jalisco,7,27.5,178
2005,Jalisco,7,32.5,78
2005,Jalisco,7,37.5,28
2005,Jalisco,7,42.5,9
2005,Jalisco,7,47.5,4
2005,Jalisco,7,52.5,3
2005,Jalisco,7,57.5,4
2005,Jalisco,7,62.5,1
2005,Jalisco,7,67.5,1
2005,Jalisco,7,NA,1
2005,Jalisco,8,22.5,34
2005,Jalisco,8,27.5,104
2005,Jalisco,8,32.5,42
2005,Jalisco,8,37.5,15
2005,Jalisco,8,42.5,3
2005,Jalisco,8,NA,1
2005,Jalisco,9,17.5,3
2005,Jalisco,9,22.5,16
2005,Jalisco,9,27.5,152
2005,Jalisco,9,32.5,110
2005,Jalisco,9,37.5,45
2005,Jalisco,9,42.5,13
2005,Jalisco,9,47.5,2
2005,Jalisco,9,52.5,4
2005,Jalisco,9,57.5,3
2005,Jalisco,9,62.5,2
2005,Jalisco,9,67.5,2
2005,Jalisco,9,NA,11
2005,Jalisco,10,17.5,3
2005,Jalisco,10,22.5,91
2005,Jalisco,10,27.5,221
2005,Jalisco,10,32.5,15
2005,Jalisco,10,37.5,7
2005,Jalisco,10,42.5,5
2005,Jalisco,10,52.5,1
2005,Jalisco,10,62.5,14
2005,Jalisco,10,67.5,15
2005,Jalisco,10,72.5,5
2005,Jalisco,10,77.5,1
2005,Jalisco,11,22.5,11
2005,Jalisco,11,27.5,189
2005,Jalisco,11,32.5,69
2005,Jalisco,11,37.5,8
2005,Jalisco,11,42.5,8
2005,Jalisco,11,47.5,17
2005,Jalisco,11,52.5,7
2005,Jalisco,11,62.5,1
2005,Jalisco,11,67.5,1
2005,Jalisco,11,NA,1
2005,Jalisco,12,17.5,2
2005,Jalisco,12,22.5,50
2005,Jalisco,12,27.5,58
2005,Jalisco,12,32.5,21
2005,Jalisco,12,37.5,2
2005,Jalisco,12,47.5,2
2005,Michoacan,3,22.5,34
2005,Michoacan,3,27.5,79
2005,Michoacan,3,32.5,73
2005,Michoacan,3,37.5,12
2005,Michoacan,4,17.5,1
2005,Michoacan,4,22.5,29
2005,Michoacan,4,27.5,15
2005,Michoacan,4,32.5,3
2005,Michoacan,4,52.5,1
2005,Michoacan,5,17.5,2
2005,Michoacan,5,22.5,14
2005,Michoacan,5,27.5,35
2005,Michoacan,5,32.5,68
2005,Michoacan,5,37.5,11
2005,Michoacan,5,42.5,1
2005,Michoacan,5,62.5,1
2005,Michoacan,5,67.5,4
2005,Michoacan,6,22.5,2
2005,Michoacan,6,27.5,41
2005,Michoacan,6,32.5,5
2005,Michoacan,6,37.5,13
2005,Michoacan,6,42.5,1
2005,Michoacan,7,32.5,4
2005,Michoacan,7,37.5,3
2005,Michoacan,8,22.5,4
2005,Michoacan,8,27.5,8
2005,Michoacan,8,32.5,3
2005,Michoacan,9,22.5,6
2005,Michoacan,9,27.5,1
2005,Michoacan,9,57.5,1
2005,Michoacan,10,17.5,7
2005,Michoacan,10,22.5,103
2005,Michoacan,10,27.5,59
2005,Michoacan,10,32.5,6
2005,Michoacan,10,37.5,1
2006,Colima,1,12.5,2
2006,Colima,1,17.5,22
2006,Colima,1,22.5,26
2006,Colima,1,27.5,11
2006,Colima,1,32.5,7
2006,Colima,2,17.5,6
2006,Colima,2,22.5,11
2006,Colima,2,27.5,3
2006,Colima,2,32.5,1
2006,Colima,2,62.5,1
2006,Colima,3,22.5,3
2006,Colima,3,27.5,28
2006,Colima,3,32.5,5
2006,Colima,3,37.5,1
2006,Colima,3,52.5,1
2006,Colima,3,57.5,1
2006,Colima,3,77.5,1
2006,Colima,4,32.5,2
2006,Colima,4,37.5,6
2006,Colima,4,42.5,1
2006,Colima,4,52.5,3
2006,Colima,4,57.5,2
2006,Colima,4,87.5,1
2006,Colima,5,17.5,93
2006,Colima,5,22.5,35
2006,Colima,5,27.5,1
2006,Colima,6,17.5,19
2006,Colima,6,22.5,9
2006,Colima,6,27.5,4
2006,Colima,6,32.5,1
2006,Colima,8,17.5,3
2006,Colima,8,22.5,5
2006,Colima,8,27.5,11
2006,Colima,10,17.5,1
2006,Colima,10,22.5,4
2006,Colima,10,27.5,36
2006,Colima,10,32.5,33
2006,Colima,10,42.5,1
2006,Colima,11,17.5,3
2006,Colima,11,22.5,20
2006,Colima,11,27.5,2
2006,Colima,11,32.5,24
2006,Colima,11,37.5,1
2006,Colima,11,NA,1
2006,Colima,12,17.5,1
2006,Colima,12,27.5,3
2006,Colima,12,32.5,59
2006,Colima,12,37.5,2
2006,Guerrero,2,22.5,19
2006,Guerrero,2,27.5,44
2006,Guerrero,2,32.5,9
2006,Guerrero,3,57.5,2
2006,Guerrero,3,62.5,5
2006,Guerrero,3,67.5,29
2006,Guerrero,3,72.5,26
2006,Guerrero,3,77.5,4
2006,Guerrero,3,82.5,2
2006,Guerrero,10,37.5,1
2006,Guerrero,10,42.5,8
2006,Guerrero,10,47.5,9
2006,Guerrero,10,52.5,6
2006,Guerrero,10,57.5,5
2006,Guerrero,10,62.5,1
2006,Jalisco,1,17.5,4
2006,Jalisco,1,22.5,187
2006,Jalisco,1,27.5,121
2006,Jalisco,1,32.5,25
2006,Jalisco,1,37.5,1
2006,Jalisco,1,47.5,1
2006,Jalisco,1,57.5,1
2006,Jalisco,1,62.5,1
2006,Jalisco,1,NA,9
2006,Jalisco,2,17.5,2
2006,Jalisco,2,22.5,16
2006,Jalisco,2,27.5,16
2006,Jalisco,2,32.5,75
2006,Jalisco,2,37.5,8
2006,Jalisco,2,42.5,2
2006,Jalisco,2,47.5,15
2006,Jalisco,2,52.5,12
2006,Jalisco,2,57.5,1
2006,Jalisco,2,62.5,7
2006,Jalisco,2,67.5,8
2006,Jalisco,2,72.5,10
2006,Jalisco,2,77.5,2
2006,Jalisco,3,22.5,8
2006,Jalisco,3,27.5,36
2006,Jalisco,3,32.5,50
2006,Jalisco,3,37.5,10
2006,Jalisco,3,42.5,1
2006,Jalisco,3,47.5,4
2006,Jalisco,3,57.5,3
2006,Jalisco,3,62.5,4
2006,Jalisco,3,67.5,5
2006,Jalisco,3,72.5,1
2006,Jalisco,4,17.5,3
2006,Jalisco,4,22.5,47
2006,Jalisco,4,27.5,59
2006,Jalisco,4,32.5,22
2006,Jalisco,4,37.5,17
2006,Jalisco,4,42.5,2
2006,Jalisco,4,57.5,4
2006,Jalisco,4,62.5,18
2006,Jalisco,4,67.5,73
2006,Jalisco,4,72.5,103
2006,Jalisco,4,77.5,12
2006,Jalisco,4,NA,2
2006,Jalisco,5,22.5,199
2006,Jalisco,5,27.5,147
2006,Jalisco,5,32.5,4
2006,Jalisco,5,37.5,11
2006,Jalisco,6,17.5,2
2006,Jalisco,6,22.5,48
2006,Jalisco,6,27.5,32
2006,Jalisco,6,32.5,4
2006,Jalisco,6,37.5,3
2006,Jalisco,6,42.5,3
2006,Jalisco,7,17.5,2
2006,Jalisco,7,22.5,44
2006,Jalisco,7,27.5,4
2006,Jalisco,8,22.5,74
2006,Jalisco,8,27.5,11
2006,Jalisco,9,27.5,44
2006,Jalisco,9,32.5,12
2006,Jalisco,9,37.5,1
2006,Jalisco,10,17.5,3
2006,Jalisco,10,22.5,5
2006,Jalisco,10,27.5,57
2006,Jalisco,10,32.5,19
2006,Jalisco,10,37.5,1
2006,Jalisco,10,47.5,2
2006,Jalisco,10,52.5,6
2006,Jalisco,10,57.5,1
2006,Jalisco,10,62.5,6
2006,Jalisco,10,67.5,11
2006,Jalisco,11,27.5,1
2006,Jalisco,11,57.5,1
2006,Jalisco,11,62.5,1
2006,Jalisco,11,67.5,2
2006,Jalisco,12,32.5,33
2006,Jalisco,12,37.5,4
2006,Jalisco,12,42.5,6
2006,Michoacan,2,22.5,93
2006,Michoacan,2,27.5,119
2006,Michoacan,2,32.5,14
2006,Michoacan,2,62.5,3
2006,Michoacan,2,67.5,3
2006,Michoacan,3,22.5,56
2006,Michoacan,3,27.5,28
2006,Michoacan,3,32.5,4
2006,Michoacan,4,17.5,1
2006,Michoacan,4,22.5,72
2006,Michoacan,4,27.5,18
2006,Michoacan,4,32.5,2
2006,Michoacan,4,37.5,2
2006,Michoacan,4,62.5,1
2006,Michoacan,4,67.5,5
2006,Michoacan,4,72.5,1
2006,Michoacan,5,17.5,17
2006,Michoacan,5,22.5,23
2006,Michoacan,5,27.5,33
2006,Michoacan,5,32.5,7
2006,Michoacan,5,37.5,2
2006,Michoacan,6,17.5,2
2006,Michoacan,6,22.5,2
2006,Michoacan,6,27.5,1
2006,Michoacan,7,22.5,3
2007,Colima,1,17.5,2
2007,Colima,1,22.5,2
2007,Colima,1,32.5,2
2007,Colima,1,37.5,5
2007,Colima,2,17.5,5
2007,Colima,2,22.5,11
2007,Colima,2,27.5,3
2007,Colima,2,32.5,4
2007,Colima,2,37.5,5
2007,Colima,2,42.5,1
2007,Colima,2,47.5,8
2007,Colima,2,52.5,13
2007,Colima,2,57.5,5
2007,Colima,2,62.5,2
2007,Colima,2,67.5,1
2007,Colima,2,72.5,1
2007,Colima,3,17.5,35
2007,Colima,3,22.5,18
2007,Colima,3,27.5,2
2007,Colima,3,32.5,4
2007,Colima,3,37.5,45
2007,Colima,3,42.5,78
2007,Colima,3,47.5,14
2007,Colima,3,52.5,2
2007,Colima,3,NA,1
2007,Colima,4,17.5,15
2007,Colima,4,22.5,32
2007,Colima,4,27.5,4
2007,Colima,4,32.5,2
2007,Colima,4,37.5,5
2007,Colima,4,42.5,5
2007,Colima,4,52.5,1
2007,Colima,4,57.5,1
2007,Colima,4,67.5,5
2007,Colima,5,17.5,27
2007,Colima,5,22.5,63
2007,Colima,5,27.5,7
2007,Colima,5,32.5,5
2007,Colima,5,37.5,3
2007,Colima,5,42.5,1
2007,Colima,5,47.5,1
2007,Colima,5,52.5,1
2007,Colima,5,NA,1
2007,Colima,6,22.5,37
2007,Colima,6,27.5,8
2007,Colima,6,42.5,1
2007,Colima,6,82.5,1
2007,Colima,7,17.5,7
2007,Colima,7,22.5,235
2007,Colima,7,27.5,171
2007,Colima,7,32.5,8
2007,Colima,7,37.5,1
2007,Colima,8,22.5,53
2007,Colima,8,27.5,103
2007,Colima,8,37.5,1
2007,Colima,9,17.5,10
2007,Colima,9,22.5,79
2007,Colima,9,27.5,253
2007,Colima,9,32.5,68
2007,Colima,9,37.5,3
2007,Colima,9,42.5,3
2007,Colima,10,17.5,12
2007,Colima,10,22.5,129
2007,Colima,10,27.5,328
2007,Colima,10,32.5,19
2007,Colima,10,37.5,9
2007,Colima,10,42.5,1
2007,Colima,11,17.5,4
2007,Colima,11,22.5,101
2007,Colima,11,27.5,250
2007,Colima,11,32.5,9
2007,Colima,11,37.5,1
2007,Colima,11,NA,2
2007,Colima,12,22.5,13
2007,Colima,12,27.5,52
2007,Colima,12,32.5,2
2007,Guerrero,3,32.5,13
2007,Guerrero,3,37.5,40
2007,Guerrero,3,42.5,5
2007,Guerrero,7,22.5,1
2007,Guerrero,7,27.5,1
2007,Guerrero,7,47.5,1
2007,Guerrero,12,37.5,8
2007,Guerrero,12,42.5,4
2007,Guerrero,12,47.5,5
2007,Jalisco,1,22.5,2
2007,Jalisco,1,27.5,1
2007,Jalisco,1,32.5,11
2007,Jalisco,1,37.5,9
2007,Jalisco,1,42.5,4
2007,Jalisco,2,17.5,1
2007,Jalisco,2,22.5,2
2007,Jalisco,2,27.5,11
2007,Jalisco,2,32.5,22
2007,Jalisco,2,37.5,68
2007,Jalisco,2,42.5,27
2007,Jalisco,2,47.5,6
2007,Jalisco,2,52.5,2
2007,Jalisco,2,57.5,2
2007,Jalisco,2,62.5,1
2007,Jalisco,3,17.5,1
2007,Jalisco,3,22.5,21
2007,Jalisco,3,27.5,1
2007,Jalisco,3,32.5,3
2007,Jalisco,3,37.5,7
2007,Jalisco,3,42.5,3
2007,Jalisco,3,47.5,2
2007,Jalisco,3,52.5,1
2007,Jalisco,3,62.5,1
2007,Jalisco,3,67.5,7
2007,Jalisco,4,22.5,5
2007,Jalisco,4,27.5,4
2007,Jalisco,4,32.5,2
2007,Jalisco,4,37.5,2
2007,Jalisco,4,42.5,12
2007,Jalisco,4,47.5,104
2007,Jalisco,4,52.5,22
2007,Jalisco,4,57.5,2
2007,Jalisco,4,62.5,1
2007,Jalisco,4,67.5,4
2007,Jalisco,4,72.5,9
2007,Jalisco,4,77.5,6
2007,Jalisco,5,27.5,8
2007,Jalisco,5,32.5,8
2007,Jalisco,5,37.5,2
2007,Jalisco,5,42.5,2
2007,Jalisco,5,47.5,3
2007,Jalisco,5,52.5,5
2007,Jalisco,5,57.5,2
2007,Jalisco,5,62.5,5
2007,Jalisco,5,67.5,4
2007,Jalisco,6,22.5,1
2007,Jalisco,6,27.5,19
2007,Jalisco,6,32.5,12
2007,Jalisco,6,37.5,1
2007,Jalisco,6,42.5,2
2007,Jalisco,6,47.5,2
2007,Jalisco,6,52.5,2
2007,Jalisco,6,62.5,1
2007,Jalisco,6,67.5,1
2007,Jalisco,6,77.5,1
2007,Jalisco,7,17.5,6
2007,Jalisco,7,22.5,129
2007,Jalisco,7,27.5,29
2007,Jalisco,7,32.5,5
2007,Jalisco,7,37.5,4
2007,Jalisco,7,42.5,2
2007,Jalisco,7,47.5,4
2007,Jalisco,7,52.5,1
2007,Jalisco,7,57.5,1
2007,Jalisco,7,62.5,5
2007,Jalisco,7,67.5,1
2007,Jalisco,7,72.5,2
2007,Jalisco,8,22.5,65
2007,Jalisco,8,27.5,95
2007,Jalisco,8,32.5,13
2007,Jalisco,8,37.5,2
2007,Jalisco,8,47.5,2
2007,Jalisco,8,52.5,3
2007,Jalisco,8,57.5,4
2007,Jalisco,8,62.5,1
2007,Jalisco,8,67.5,1
2007,Jalisco,8,NA,2
2007,Jalisco,9,17.5,1
2007,Jalisco,9,22.5,97
2007,Jalisco,9,27.5,110
2007,Jalisco,9,32.5,48
2007,Jalisco,9,37.5,7
2007,Jalisco,9,42.5,8
2007,Jalisco,9,47.5,1
2007,Jalisco,9,62.5,3
2007,Jalisco,9,67.5,11
2007,Jalisco,9,72.5,2
2007,Jalisco,9,77.5,1
2007,Jalisco,9,NA,2
2007,Jalisco,10,17.5,1
2007,Jalisco,10,22.5,64
2007,Jalisco,10,27.5,254
2007,Jalisco,10,32.5,19
2007,Jalisco,10,37.5,5
2007,Jalisco,10,42.5,1
2007,Jalisco,11,22.5,2
2007,Jalisco,11,27.5,84
2007,Jalisco,11,32.5,30
2007,Jalisco,11,37.5,2
2007,Jalisco,11,NA,2
2007,Jalisco,12,17.5,1
2007,Jalisco,12,22.5,84
2007,Jalisco,12,27.5,137
2007,Jalisco,12,32.5,59
2007,Jalisco,12,37.5,1
2007,Jalisco,12,52.5,1
2007,Jalisco,12,67.5,1
2007,Jalisco,12,72.5,1
2007,Jalisco,12,NA,2
2008,Colima,1,17.5,1
2008,Colima,1,22.5,41
2008,Colima,1,27.5,473
2008,Colima,1,32.5,216
2008,Colima,1,37.5,9
2008,Colima,1,42.5,2
2008,Colima,1,NA,2
2008,Colima,2,17.5,1
2008,Colima,2,27.5,6
2008,Colima,2,32.5,14
2008,Colima,2,37.5,7
2008,Colima,3,22.5,1
2008,Colima,3,27.5,13
2008,Colima,3,32.5,14
2008,Colima,3,37.5,6
2008,Colima,3,42.5,1
2008,Colima,3,47.5,2
2008,Colima,3,52.5,6
2008,Colima,3,57.5,2
2008,Colima,3,62.5,1
2008,Colima,4,17.5,39
2008,Colima,4,22.5,49
2008,Colima,4,27.5,55
2008,Colima,4,32.5,25
2008,Colima,4,37.5,29
2008,Colima,4,42.5,57
2008,Colima,4,47.5,5
2008,Colima,4,52.5,3
2008,Colima,5,17.5,155
2008,Colima,5,22.5,53
2008,Colima,5,27.5,55
2008,Colima,5,32.5,44
2008,Colima,5,37.5,29
2008,Colima,5,42.5,16
2008,Colima,5,47.5,5
2008,Colima,5,52.5,5
2008,Colima,5,57.5,5
2008,Colima,5,62.5,3
2008,Colima,5,67.5,2
2008,Colima,5,NA,2
2008,Colima,6,17.5,40
2008,Colima,6,22.5,45
2008,Colima,6,32.5,4
2008,Colima,6,37.5,2
2008,Colima,6,42.5,2
2008,Colima,7,17.5,32
2008,Colima,7,22.5,259
2008,Colima,7,27.5,342
2008,Colima,7,32.5,22
2008,Colima,7,37.5,15
2008,Colima,7,42.5,1
2008,Colima,7,NA,4
2008,Colima,8,17.5,3
2008,Colima,8,22.5,22
2008,Colima,8,27.5,32
2008,Colima,8,32.5,2
2008,Colima,9,17.5,13
2008,Colima,9,22.5,25
2008,Colima,9,27.5,137
2008,Colima,9,32.5,13
2008,Colima,9,37.5,4
2008,Colima,9,42.5,7
2008,Colima,9,47.5,1
2008,Colima,9,NA,1
2008,Colima,10,17.5,109
2008,Colima,10,22.5,50
2008,Colima,10,27.5,14
2008,Colima,10,32.5,1
2008,Colima,10,42.5,1
2008,Colima,11,17.5,115
2008,Colima,11,22.5,69
2008,Colima,11,27.5,153
2008,Colima,11,32.5,46
2008,Colima,11,37.5,15
2008,Colima,11,42.5,6
2008,Colima,11,NA,1
2008,Colima,12,17.5,99
2008,Colima,12,22.5,30
2008,Colima,12,27.5,4
2008,Colima,12,32.5,12
2008,Guerrero,4,22.5,2
2008,Guerrero,4,32.5,6
2008,Guerrero,4,37.5,8
2008,Guerrero,4,42.5,1
2008,Guerrero,4,47.5,1
2008,Guerrero,4,62.5,1
2008,Guerrero,9,42.5,2
2008,Guerrero,9,62.5,3
2008,Guerrero,9,67.5,5
2008,Guerrero,9,72.5,2
2008,Guerrero,9,77.5,3
2008,Guerrero,9,82.5,4
2008,Guerrero,9,87.5,1
2008,Jalisco,2,22.5,17
2008,Jalisco,2,27.5,75
2008,Jalisco,2,32.5,41
2008,Jalisco,2,37.5,4
2008,Jalisco,3,27.5,15
2008,Jalisco,3,32.5,6
2008,Jalisco,3,57.5,1
2008,Jalisco,3,62.5,1
2008,Jalisco,4,27.5,50
2008,Jalisco,4,32.5,51
2008,Jalisco,4,37.5,23
2008,Jalisco,4,NA,2
2008,Jalisco,5,22.5,13
2008,Jalisco,5,27.5,5
2008,Jalisco,5,32.5,24
2008,Jalisco,5,37.5,3
2008,Jalisco,6,27.5,1
2008,Jalisco,6,32.5,1
2008,Jalisco,6,42.5,1
2008,Jalisco,7,22.5,9
2008,Jalisco,7,27.5,6
2008,Jalisco,7,32.5,1
2008,Jalisco,8,27.5,3
2008,Jalisco,8,32.5,10
2008,Jalisco,8,37.5,10
2008,Jalisco,8,47.5,3
2008,Jalisco,8,52.5,3
2008,Jalisco,8,57.5,1
2008,Jalisco,8,NA,6
2008,Jalisco,9,27.5,4
2008,Jalisco,9,32.5,6
2008,Jalisco,9,42.5,2
2008,Jalisco,9,47.5,2
2008,Jalisco,10,22.5,13
2008,Jalisco,10,27.5,49
2008,Jalisco,10,32.5,9
2008,Jalisco,10,37.5,1
2008,Jalisco,11,17.5,1
2008,Jalisco,11,22.5,18
2008,Jalisco,11,27.5,82
2008,Jalisco,11,32.5,9
2008,Jalisco,11,37.5,1
2008,Jalisco,11,42.5,1
2008,Jalisco,11,62.5,1
2008,Jalisco,11,67.5,5
2008,Jalisco,11,72.5,3
2008,Jalisco,11,77.5,1
2008,Jalisco,12,17.5,13
2008,Jalisco,12,27.5,5
2008,Jalisco,12,32.5,24
2008,Jalisco,12,37.5,9
2008,Jalisco,12,42.5,7
2008,Jalisco,12,52.5,1
2008,Jalisco,12,57.5,2
2008,Jalisco,12,72.5,2
2008,Jalisco,12,NA,1
2009,Colima,1,17.5,121
2009,Colima,1,22.5,254
2009,Colima,1,27.5,13
2009,Colima,1,32.5,1
2009,Colima,1,37.5,1
2009,Colima,3,17.5,9
2009,Colima,3,22.5,123
2009,Colima,3,27.5,41
2009,Colima,3,32.5,1
2009,Colima,3,37.5,4
2009,Colima,3,42.5,5
2009,Colima,3,47.5,13
2009,Colima,3,52.5,19
2009,Colima,3,62.5,3
2009,Colima,3,67.5,9
2009,Colima,3,72.5,9
2009,Colima,3,77.5,4
2009,Colima,4,17.5,1
2009,Colima,4,22.5,1
2009,Colima,4,27.5,8
2009,Colima,4,32.5,1
2009,Colima,4,37.5,1
2009,Colima,4,42.5,1
2009,Colima,4,47.5,1
2009,Colima,4,52.5,1
2009,Colima,4,57.5,2
2009,Colima,4,62.5,1
2009,Colima,5,17.5,33
2009,Colima,5,22.5,40
2009,Colima,5,27.5,14
2009,Colima,5,32.5,3
2009,Colima,5,NA,1
2009,Colima,6,17.5,203
2009,Colima,6,22.5,57
2009,Colima,6,27.5,6
2009,Colima,6,32.5,2
2009,Colima,6,37.5,1
2009,Colima,6,NA,12
2009,Colima,7,17.5,28
2009,Colima,7,22.5,29
2009,Colima,8,17.5,20
2009,Colima,8,22.5,75
2009,Colima,8,27.5,40
2009,Colima,8,32.5,5
2009,Colima,8,37.5,1
2009,Colima,9,17.5,27
2009,Colima,9,22.5,24
2009,Colima,9,27.5,30
2009,Colima,9,32.5,20
2009,Colima,9,37.5,2
2009,Colima,10,22.5,4
2009,Colima,10,27.5,236
2009,Colima,10,32.5,135
2009,Colima,10,37.5,35
2009,Colima,10,42.5,1
2009,Colima,10,NA,2
2009,Colima,11,17.5,17
2009,Colima,11,22.5,158
2009,Colima,11,27.5,204
2009,Colima,11,32.5,4
2009,Colima,12,22.5,13
2009,Colima,12,27.5,167
2009,Colima,12,32.5,46
2009,Colima,12,37.5,2
2009,Guerrero,5,17.5,1
2009,Guerrero,5,22.5,2
2009,Guerrero,5,27.5,6
2009,Guerrero,5,32.5,1
2009,Guerrero,5,37.5,1
2009,Guerrero,7,47.5,3
2009,Guerrero,7,67.5,2
2009,Guerrero,7,72.5,1
2009,Guerrero,9,32.5,3
2009,Guerrero,9,37.5,5
2009,Guerrero,9,42.5,2
2009,Guerrero,9,47.5,2
2009,Guerrero,9,52.5,1
2009,Guerrero,9,57.5,1
2009,Guerrero,9,62.5,2
2009,Guerrero,9,72.5,3
2009,Guerrero,9,82.5,2
2009,Guerrero,10,27.5,8
2009,Guerrero,12,22.5,1
2009,Guerrero,12,32.5,1
2009,Jalisco,3,22.5,22
2009,Jalisco,3,27.5,33
2009,Jalisco,3,32.5,1
2009,Jalisco,3,57.5,2
2009,Jalisco,3,62.5,4
2009,Jalisco,3,67.5,2
2009,Jalisco,3,72.5,2
2009,Jalisco,3,77.5,1
2009,Jalisco,4,17.5,1
2009,Jalisco,4,22.5,123
2009,Jalisco,4,27.5,75
2009,Jalisco,4,32.5,7
2009,Jalisco,4,37.5,1
2009,Jalisco,4,47.5,2
2009,Jalisco,4,57.5,1
2009,Jalisco,4,62.5,4
2009,Jalisco,4,67.5,2
2009,Jalisco,4,72.5,16
2009,Jalisco,4,77.5,27
2009,Jalisco,4,82.5,3
2009,Jalisco,5,17.5,3
2009,Jalisco,5,22.5,85
2009,Jalisco,5,27.5,98
2009,Jalisco,5,32.5,6
2009,Jalisco,5,37.5,3
2009,Jalisco,5,47.5,1
2009,Jalisco,6,22.5,3
2009,Jalisco,6,27.5,128
2009,Jalisco,6,32.5,41
2009,Jalisco,6,37.5,6
2009,Jalisco,6,42.5,1
2009,Jalisco,6,47.5,1
2009,Jalisco,6,NA,1
2009,Jalisco,7,17.5,9
2009,Jalisco,7,22.5,100
2009,Jalisco,7,27.5,47
2009,Jalisco,7,32.5,2
2009,Jalisco,7,57.5,1
2009,Jalisco,7,62.5,1
2009,Jalisco,7,77.5,1
2009,Jalisco,8,22.5,60
2009,Jalisco,8,27.5,23
2009,Jalisco,8,32.5,1
2009,Jalisco,9,17.5,11
2009,Jalisco,9,22.5,74
2009,Jalisco,9,27.5,10
2009,Jalisco,9,32.5,66
2009,Jalisco,9,37.5,16
2009,Jalisco,10,27.5,9
2009,Jalisco,10,32.5,8
2009,Jalisco,11,27.5,15
2009,Jalisco,11,32.5,14
2009,Jalisco,11,37.5,17
2009,Jalisco,11,42.5,2
2009,Jalisco,11,47.5,3
2009,Jalisco,12,17.5,1
2009,Jalisco,12,22.5,8
2009,Jalisco,12,27.5,116
2009,Jalisco,12,32.5,91
2009,Jalisco,12,37.5,7
2009,Nayarit,2,22.5,17
2009,Nayarit,2,27.5,3
2009,Nayarit,2,32.5,1
2009,Nayarit,2,37.5,2
2009,Nayarit,2,72.5,6
2009,Nayarit,3,12.5,1
2009,Nayarit,3,17.5,31
2009,Nayarit,3,22.5,156
2009,Nayarit,3,27.5,74
2009,Nayarit,3,32.5,31
2009,Nayarit,3,37.5,30
2009,Nayarit,3,42.5,13
2009,Nayarit,3,47.5,14
2009,Nayarit,3,52.5,10
2009,Nayarit,3,57.5,5
2009,Nayarit,3,62.5,6
2009,Nayarit,3,67.5,4
2009,Nayarit,3,72.5,3
2009,Nayarit,3,77.5,5
2009,Nayarit,3,82.5,12
2009,Nayarit,3,87.5,8
2009,Nayarit,3,92.5,4
2009,Nayarit,3,97.5,1
2009,Nayarit,5,17.5,2
2009,Nayarit,5,22.5,33
2009,Nayarit,5,27.5,17
2009,Nayarit,5,37.5,5
2009,Nayarit,5,42.5,3
2009,Nayarit,5,47.5,3
2009,Nayarit,5,NA,1
2009,Nayarit,6,27.5,9
2009,Nayarit,6,32.5,7
2009,Nayarit,6,37.5,1
2009,Nayarit,6,47.5,1
2009,Nayarit,6,72.5,1
2009,Nayarit,7,22.5,25
2009,Nayarit,7,27.5,34
2009,Nayarit,7,32.5,2
2009,Nayarit,7,42.5,1
2009,Nayarit,7,87.5,2
2009,Nayarit,7,92.5,1
2009,Nayarit,8,22.5,19
2009,Nayarit,8,27.5,65
2009,Nayarit,8,32.5,10
2009,Nayarit,8,37.5,2
2009,Nayarit,8,42.5,2
2009,Nayarit,8,47.5,1
2009,Nayarit,9,22.5,25
2009,Nayarit,9,27.5,40
2009,Nayarit,9,32.5,35
2009,Nayarit,10,22.5,25
2009,Nayarit,10,27.5,113
2009,Nayarit,10,32.5,19
2009,Nayarit,11,22.5,3
2009,Nayarit,11,27.5,35
2009,Nayarit,11,32.5,42
2009,Nayarit,11,37.5,4
2009,Nayarit,12,27.5,29
2009,Nayarit,12,32.5,39
2009,Nayarit,12,37.5,16
2009,Nayarit,12,42.5,3
2010,Colima,1,17.5,7
2010,Colima,1,22.5,34
2010,Colima,1,27.5,22
2010,Colima,1,32.5,62
2010,Colima,1,37.5,127
2010,Colima,1,42.5,18
2010,Colima,1,47.5,1
2010,Colima,1,NA,1
2010,Colima,2,17.5,6
2010,Colima,2,22.5,14
2010,Colima,2,27.5,16
2010,Colima,2,32.5,4
2010,Colima,2,37.5,7
2010,Colima,2,42.5,33
2010,Colima,2,47.5,8
2010,Colima,3,17.5,2
2010,Colima,3,22.5,18
2010,Colima,3,27.5,50
2010,Colima,3,32.5,56
2010,Colima,3,37.5,16
2010,Colima,3,42.5,1
2010,Colima,3,47.5,1
2010,Colima,4,17.5,6
2010,Colima,4,22.5,2
2010,Colima,4,27.5,31
2010,Colima,4,32.5,83
2010,Colima,4,37.5,15
2010,Colima,4,42.5,7
2010,Colima,4,47.5,6
2010,Colima,4,52.5,3
2010,Colima,5,22.5,1
2010,Colima,5,27.5,6
2010,Colima,5,32.5,16
2010,Colima,5,37.5,4
2010,Colima,5,42.5,1
2010,Colima,5,47.5,1
2010,Colima,6,17.5,4
2010,Colima,6,22.5,4
2010,Colima,6,32.5,2
2010,Colima,6,37.5,1
2010,Colima,7,17.5,2
2010,Colima,7,22.5,21
2010,Colima,7,27.5,8
2010,Colima,7,32.5,9
2010,Colima,7,37.5,22
2010,Colima,7,42.5,19
2010,Colima,7,47.5,1
2010,Colima,8,22.5,6
2010,Colima,8,27.5,34
2010,Colima,8,32.5,2
2010,Colima,8,42.5,1
2010,Colima,9,22.5,2
2010,Colima,9,27.5,8
2010,Colima,9,32.5,8
2010,Colima,9,37.5,2
2010,Colima,9,47.5,1
2010,Colima,10,22.5,5
2010,Colima,10,27.5,1
2010,Colima,11,22.5,6
2010,Colima,11,27.5,37
2010,Colima,11,32.5,13
2010,Colima,11,37.5,8
2010,Colima,11,42.5,13
2010,Colima,11,47.5,7
2010,Colima,11,52.5,5
2010,Colima,11,57.5,3
2010,Colima,11,62.5,2
2010,Colima,11,67.5,1
2010,Colima,11,72.5,1
2010,Colima,11,77.5,1
2010,Colima,11,NA,1
2010,Colima,12,17.5,13
2010,Colima,12,22.5,26
2010,Colima,12,27.5,35
2010,Colima,12,32.5,37
2010,Colima,12,37.5,4
2010,Colima,12,42.5,2
2010,Colima,12,47.5,10
2010,Colima,12,52.5,6
2010,Colima,12,57.5,3
2010,Colima,12,62.5,8
2010,Colima,12,67.5,3
2010,Guerrero,4,12.5,2
2010,Guerrero,4,17.5,41
2010,Guerrero,4,22.5,5
2010,Guerrero,4,27.5,1
2010,Guerrero,4,37.5,1
2010,Guerrero,8,27.5,1
2010,Guerrero,8,32.5,1
2010,Guerrero,11,22.5,3
2010,Guerrero,12,27.5,1
2010,Guerrero,12,32.5,1
2010,Jalisco,2,22.5,21
2010,Jalisco,2,27.5,72
2010,Jalisco,2,32.5,42
2010,Jalisco,2,37.5,8
2010,Jalisco,2,42.5,3
2010,Jalisco,2,67.5,1
2010,Jalisco,2,72.5,1
2010,Jalisco,3,22.5,2
2010,Jalisco,3,27.5,21
2010,Jalisco,3,32.5,1
2010,Jalisco,3,42.5,1
2010,Jalisco,3,72.5,1
2010,Jalisco,3,82.5,1
2010,Jalisco,4,22.5,3
2010,Jalisco,4,27.5,15
2010,Jalisco,4,32.5,10
2010,Jalisco,4,37.5,13
2010,Jalisco,4,42.5,3
2010,Jalisco,4,57.5,2
2010,Jalisco,4,62.5,2
2010,Jalisco,4,67.5,4
2010,Jalisco,4,72.5,8
2010,Jalisco,4,77.5,10
2010,Jalisco,4,82.5,5
2010,Jalisco,4,NA,7
2010,Jalisco,5,22.5,24
2010,Jalisco,5,27.5,12
2010,Jalisco,5,32.5,2
2010,Jalisco,5,77.5,1
2010,Jalisco,6,22.5,2
2010,Jalisco,6,27.5,7
2010,Jalisco,6,32.5,13
2010,Jalisco,6,37.5,2
2010,Jalisco,6,72.5,1
2010,Jalisco,7,22.5,3
2010,Jalisco,7,27.5,2
2010,Jalisco,9,22.5,6
2010,Jalisco,9,27.5,12
2010,Jalisco,9,47.5,5
2010,Jalisco,9,52.5,1
2010,Jalisco,9,57.5,20
2010,Jalisco,9,62.5,14
2010,Jalisco,10,22.5,21
2010,Jalisco,10,27.5,35
2010,Jalisco,10,32.5,10
2010,Jalisco,11,22.5,13
2010,Jalisco,11,27.5,15
2010,Nayarit,1,32.5,18
2010,Nayarit,1,37.5,10
2010,Nayarit,1,42.5,1
2010,Nayarit,1,67.5,1
2010,Nayarit,1,72.5,4
2010,Nayarit,1,77.5,3
2010,Nayarit,1,82.5,2
2010,Nayarit,2,17.5,1
2010,Nayarit,2,22.5,7
2010,Nayarit,2,27.5,25
2010,Nayarit,2,32.5,48
2010,Nayarit,2,37.5,62
2010,Nayarit,2,42.5,9
2010,Nayarit,3,22.5,1
2010,Nayarit,3,27.5,8
2010,Nayarit,3,32.5,11
2010,Nayarit,3,37.5,23
2010,Nayarit,3,42.5,6
2010,Nayarit,3,82.5,1
2010,Nayarit,3,87.5,1
2010,Nayarit,3,92.5,3
2010,Nayarit,3,97.5,1
2010,Nayarit,5,22.5,10
2010,Nayarit,5,27.5,34
2010,Nayarit,5,32.5,12
2010,Nayarit,5,37.5,1
2010,Nayarit,6,22.5,13
2010,Nayarit,6,27.5,17
2010,Nayarit,6,32.5,2
2010,Nayarit,6,37.5,10
2010,Nayarit,6,42.5,8
2010,Nayarit,7,42.5,4
2010,Nayarit,8,17.5,5
2010,Nayarit,8,22.5,47
2010,Nayarit,8,27.5,99
2010,Nayarit,8,32.5,29
2010,Nayarit,8,37.5,4
2010,Nayarit,8,42.5,1
2010,Nayarit,8,47.5,1
2010,Nayarit,9,22.5,23
2010,Nayarit,9,27.5,29
2010,Nayarit,9,32.5,10
2010,Nayarit,10,27.5,5
2010,Nayarit,10,32.5,1
2010,Nayarit,10,42.5,2
2010,Nayarit,11,22.5,16
2010,Nayarit,11,27.5,28
2010,Nayarit,11,32.5,34
2010,Nayarit,11,37.5,27
2010,Nayarit,11,42.5,2
2010,Nayarit,11,NA,1
2010,Nayarit,12,17.5,1
2010,Nayarit,12,22.5,28
2010,Nayarit,12,27.5,11
2010,Nayarit,12,32.5,15
2010,Nayarit,12,37.5,1
2011,Colima,1,22.5,2
2011,Colima,1,27.5,11
2011,Colima,1,32.5,2
2011,Colima,2,22.5,25
2011,Colima,2,27.5,11
2011,Colima,2,32.5,12
2011,Colima,2,37.5,1
2011,Colima,2,47.5,2
2011,Colima,3,17.5,28
2011,Colima,3,22.5,2
2011,Colima,3,27.5,1
2011,Colima,3,37.5,1
2011,Colima,3,42.5,1
2011,Colima,4,17.5,5
2011,Colima,4,22.5,11
2011,Colima,4,27.5,5
2011,Colima,5,17.5,34
2011,Colima,5,22.5,28
2011,Colima,6,17.5,21
2011,Colima,6,22.5,106
2011,Colima,6,27.5,2
2011,Colima,6,32.5,1
2011,Colima,6,37.5,15
2011,Colima,6,42.5,11
2011,Colima,6,47.5,1
2011,Colima,7,17.5,7
2011,Colima,7,22.5,52
2011,Colima,7,27.5,3
2011,Colima,8,22.5,15
2011,Colima,8,27.5,36
2011,Colima,9,17.5,2
2011,Colima,9,27.5,3
2011,Colima,9,32.5,1
2011,Colima,10,17.5,5
2011,Colima,10,22.5,9
2011,Colima,10,27.5,70
2011,Colima,10,32.5,50
2011,Colima,10,37.5,21
2011,Colima,10,42.5,4
2011,Colima,10,NA,1
2011,Colima,11,17.5,18
2011,Colima,11,22.5,8
2011,Colima,11,27.5,8
2011,Colima,11,32.5,1
2011,Colima,12,17.5,2
2011,Colima,12,22.5,9
2011,Colima,12,27.5,8
2011,Colima,12,32.5,1
2011,Guerrero,4,57.5,1
2011,Guerrero,4,62.5,5
2011,Guerrero,4,67.5,8
2011,Guerrero,4,72.5,5
2011,Guerrero,12,42.5,1
2011,Jalisco,2,62.5,2
2011,Jalisco,2,67.5,2
2011,Jalisco,2,72.5,15
2011,Jalisco,2,77.5,13
2011,Jalisco,3,22.5,1
2011,Jalisco,3,27.5,1
2011,Jalisco,4,32.5,2
2011,Jalisco,5,17.5,2
2011,Jalisco,5,22.5,10
2011,Jalisco,5,27.5,5
2011,Jalisco,6,22.5,9
2011,Jalisco,6,27.5,17
2011,Jalisco,6,32.5,5
2011,Jalisco,6,37.5,4
2011,Jalisco,6,NA,2
2011,Jalisco,7,22.5,48
2011,Jalisco,7,27.5,15
2011,Jalisco,7,32.5,7
2011,Jalisco,7,37.5,2
2011,Jalisco,8,22.5,5
2011,Jalisco,11,27.5,52
2011,Jalisco,11,32.5,22
2011,Jalisco,11,37.5,7
2011,Jalisco,11,42.5,52
2011,Jalisco,11,47.5,42
2011,Jalisco,11,52.5,5
2011,Jalisco,11,67.5,2
2011,Jalisco,11,72.5,1
2011,Jalisco,12,22.5,1
2011,Jalisco,12,27.5,37
2011,Jalisco,12,32.5,16
2011,Jalisco,12,37.5,3
2011,Jalisco,12,42.5,1
2011,Jalisco,12,72.5,3
2011,Jalisco,12,77.5,2
2011,Jalisco,12,NA,1
2011,Nayarit,1,67.5,1
2011,Nayarit,1,77.5,2
2011,Nayarit,2,17.5,2
2011,Nayarit,2,22.5,6
2011,Nayarit,2,27.5,25
2011,Nayarit,2,32.5,15
2011,Nayarit,2,37.5,3
2011,Nayarit,2,42.5,3
2011,Nayarit,2,47.5,5
2011,Nayarit,2,52.5,10
2011,Nayarit,2,57.5,4
2011,Nayarit,3,22.5,8
2011,Nayarit,3,27.5,18
2011,Nayarit,3,32.5,7
2011,Nayarit,3,67.5,1
2011,Nayarit,3,72.5,1
2011,Nayarit,3,87.5,1
2011,Nayarit,4,27.5,1
2011,Nayarit,4,72.5,1
2011,Nayarit,4,82.5,1
2011,Nayarit,5,27.5,1
2011,Nayarit,5,32.5,7
2011,Nayarit,5,37.5,6
2011,Nayarit,5,42.5,3
2011,Nayarit,5,47.5,8
2011,Nayarit,5,52.5,4
2011,Nayarit,5,57.5,2
2011,Nayarit,6,27.5,13
2011,Nayarit,6,32.5,12
2011,Nayarit,6,37.5,4
2011,Nayarit,6,42.5,1
2011,Nayarit,9,17.5,30
2011,Nayarit,9,22.5,4
2011,Nayarit,9,27.5,1
2011,Nayarit,9,32.5,2
2011,Nayarit,10,27.5,1
2011,Nayarit,11,27.5,1
2011,Nayarit,11,32.5,5
2011,Nayarit,11,37.5,2
2011,Nayarit,12,32.5,1
2011,Nayarit,12,37.5,8
2011,Nayarit,12,42.5,12
2012,Colima,1,17.5,1
2012,Colima,1,22.5,29
2012,Colima,1,27.5,4
2012,Colima,1,32.5,1
2012,Colima,2,17.5,1
2012,Colima,2,22.5,2
2012,Colima,2,27.5,2
2012,Colima,2,32.5,9
2012,Colima,2,37.5,4
2012,Colima,2,42.5,1
2012,Colima,3,12.5,4
2012,Colima,3,17.5,41
2012,Colima,3,22.5,61
2012,Colima,3,27.5,53
2012,Colima,3,32.5,5
2012,Colima,3,37.5,3
2012,Colima,3,42.5,2
2012,Colima,3,47.5,6
2012,Colima,3,NA,1
2012,Colima,4,12.5,2
2012,Colima,4,17.5,67
2012,Colima,4,22.5,16
2012,Colima,4,NA,1
2012,Colima,5,17.5,52
2012,Colima,5,22.5,49
2012,Colima,5,27.5,7
2012,Colima,6,17.5,16
2012,Colima,6,22.5,30
2012,Colima,6,27.5,28
2012,Colima,6,32.5,4
2012,Colima,6,37.5,1
2012,Colima,7,17.5,94
2012,Colima,7,22.5,190
2012,Colima,7,27.5,8
2012,Colima,8,17.5,3
2012,Colima,8,22.5,81
2012,Colima,8,27.5,163
2012,Colima,8,32.5,43
2012,Colima,8,37.5,1
2012,Colima,9,22.5,73
2012,Colima,9,27.5,209
2012,Colima,9,32.5,2
2012,Colima,9,NA,2
2012,Colima,10,17.5,4
2012,Colima,10,22.5,6
2012,Colima,10,27.5,11
2012,Colima,10,32.5,2
2012,Colima,11,17.5,9
2012,Colima,11,22.5,291
2012,Colima,11,27.5,158
2012,Colima,11,32.5,1
2012,Jalisco,3,22.5,48
2012,Jalisco,3,27.5,25
2012,Jalisco,3,32.5,4
2012,Jalisco,3,37.5,3
2012,Jalisco,3,57.5,1
2012,Jalisco,3,62.5,1
2012,Jalisco,3,67.5,3
2012,Jalisco,3,72.5,1
2012,Jalisco,4,17.5,4
2012,Jalisco,4,22.5,3
2012,Jalisco,4,27.5,3
2012,Jalisco,4,32.5,4
2012,Jalisco,4,37.5,1
2012,Jalisco,4,67.5,2
2012,Jalisco,4,72.5,2
2012,Jalisco,5,17.5,1
2012,Jalisco,5,22.5,5
2012,Jalisco,5,27.5,7
2012,Jalisco,5,57.5,1
2012,Jalisco,5,62.5,2
2012,Jalisco,7,17.5,71
2012,Jalisco,7,22.5,200
2012,Jalisco,7,27.5,156
2012,Jalisco,7,32.5,50
2012,Jalisco,7,37.5,16
2012,Jalisco,7,57.5,1
2012,Jalisco,8,17.5,25
2012,Jalisco,8,22.5,225
2012,Jalisco,8,27.5,215
2012,Jalisco,8,32.5,42
2012,Jalisco,8,37.5,2
2012,Jalisco,8,47.5,1
2012,Jalisco,8,72.5,1
2012,Jalisco,8,77.5,1
2012,Jalisco,8,82.5,1
2012,Jalisco,8,NA,9
2012,Jalisco,10,22.5,1
2012,Jalisco,10,27.5,3
2012,Jalisco,11,22.5,26
2012,Jalisco,11,27.5,190
2012,Jalisco,11,32.5,52
2012,Jalisco,11,37.5,1
2012,Nayarit,2,17.5,2
2012,Nayarit,2,22.5,8
2012,Nayarit,2,27.5,2
2012,Nayarit,2,32.5,7
2012,Nayarit,2,47.5,1
2012,Nayarit,2,52.5,4
2012,Nayarit,2,57.5,10
2012,Nayarit,2,62.5,3
2012,Nayarit,2,67.5,1
2012,Nayarit,3,22.5,21
2012,Nayarit,3,27.5,1
2012,Nayarit,3,37.5,1
2012,Nayarit,3,42.5,1
2012,Nayarit,3,67.5,1
2012,Nayarit,3,72.5,4
2012,Nayarit,3,77.5,7
2012,Nayarit,3,82.5,15
2012,Nayarit,3,87.5,9
2012,Nayarit,3,92.5,2
2012,Nayarit,7,17.5,1
2012,Nayarit,7,22.5,13
2012,Nayarit,7,62.5,1
2012,Nayarit,7,82.5,1
2012,Nayarit,7,87.5,1
2012,Nayarit,10,22.5,4
2012,Nayarit,10,27.5,36
2012,Nayarit,10,32.5,5
2012,Nayarit,10,37.5,2
2012,Nayarit,10,42.5,1
2012,Nayarit,11,27.5,17
2012,Nayarit,11,32.5,7
2013,Jalisco,3,17.5,2
2013,Jalisco,3,22.5,41
2013,Jalisco,3,27.5,28
2013,Jalisco,3,32.5,13
2013,Jalisco,3,37.5,4
2013,Jalisco,3,77.5,2
2013,Jalisco,4,17.5,4
2013,Jalisco,4,22.5,43
2013,Jalisco,4,27.5,33
2013,Jalisco,4,32.5,30
2013,Jalisco,4,37.5,9
2013,Jalisco,4,42.5,3
2013,Jalisco,4,52.5,3
2013,Jalisco,4,57.5,1
2013,Jalisco,4,62.5,1
2013,Jalisco,4,67.5,2
2013,Jalisco,4,72.5,6
2013,Jalisco,4,77.5,2
2013,Jalisco,4,NA,1
2013,Jalisco,5,17.5,1
2013,Jalisco,5,22.5,107
2013,Jalisco,5,27.5,68
2013,Jalisco,5,32.5,25
2013,Jalisco,5,37.5,6
2013,Jalisco,5,42.5,1
2013,Jalisco,5,47.5,1
2013,Jalisco,6,17.5,5
2013,Jalisco,6,22.5,8
2013,Jalisco,6,27.5,7
2013,Jalisco,7,22.5,144
2013,Jalisco,7,27.5,29
2013,Jalisco,7,32.5,5
2013,Jalisco,7,42.5,1
2013,Jalisco,7,52.5,1
2013,Jalisco,8,17.5,6
2013,Jalisco,8,22.5,46
2013,Jalisco,8,27.5,11
2013,Jalisco,9,17.5,2
2013,Jalisco,9,22.5,6
2013,Jalisco,9,27.5,175
2013,Jalisco,9,32.5,43
2013,Jalisco,9,37.5,4
2013,Jalisco,9,42.5,1
2013,Jalisco,9,NA,1
2013,Jalisco,10,22.5,31
2013,Jalisco,10,27.5,77
2013,Jalisco,10,32.5,9
2013,Jalisco,10,37.5,1
2013,Jalisco,10,42.5,1
2013,Jalisco,11,17.5,1
2013,Jalisco,11,22.5,28
2013,Jalisco,11,27.5,92
2013,Jalisco,11,32.5,8
2013,Nayarit,3,22.5,16
2013,Nayarit,3,27.5,3
2013,Nayarit,3,37.5,2
2013,Nayarit,3,42.5,3
2013,Nayarit,3,47.5,3
2013,Nayarit,3,72.5,3
2013,Nayarit,3,82.5,1
2013,Nayarit,3,87.5,1
2013,Nayarit,5,17.5,8
2013,Nayarit,5,22.5,33
2013,Nayarit,5,27.5,2
2013,Nayarit,5,32.5,2
2013,Nayarit,5,37.5,2
2013,Nayarit,5,42.5,1
2013,Nayarit,5,47.5,1
2013,Nayarit,6,17.5,9
2013,Nayarit,6,22.5,27
2013,Nayarit,6,NA,1
2013,Nayarit,10,22.5,30
2013,Nayarit,10,27.5,24
2013,Nayarit,10,32.5,4
2013,Nayarit,11,32.5,1
2014,Baja California Sur,1,27.5,6
2014,Baja California Sur,1,32.5,29
2014,Baja California Sur,1,37.5,11
2014,Baja California Sur,1,42.5,4
2014,Baja California Sur,1,47.5,1
2014,Baja California Sur,1,77.5,1
2014,Baja California Sur,2,22.5,5
2014,Baja California Sur,2,27.5,23
2014,Baja California Sur,2,32.5,12
2014,Baja California Sur,2,37.5,2
2014,Baja California Sur,4,22.5,1
2014,Baja California Sur,4,27.5,8
2014,Baja California Sur,4,32.5,74
2014,Baja California Sur,4,37.5,20
2014,Baja California Sur,4,42.5,6
2014,Baja California Sur,4,47.5,6
2014,Baja California Sur,4,52.5,7
2014,Baja California Sur,4,57.5,4
2014,Baja California Sur,4,62.5,1
2014,Baja California Sur,5,27.5,17
2014,Baja California Sur,5,32.5,43
2014,Baja California Sur,5,37.5,14
2014,Baja California Sur,5,42.5,2
2014,Baja California Sur,5,47.5,1
2014,Baja California Sur,5,52.5,3
2014,Baja California Sur,7,27.5,1
2014,Baja California Sur,7,32.5,97
2014,Baja California Sur,7,37.5,81
2014,Baja California Sur,7,42.5,5
2014,Baja California Sur,7,47.5,1
2014,Baja California Sur,7,62.5,1
2014,Baja California Sur,8,27.5,18
2014,Baja California Sur,8,32.5,200
2014,Baja California Sur,8,37.5,116
2014,Baja California Sur,8,42.5,4
2014,Baja California Sur,8,47.5,3
2014,Baja California Sur,8,52.5,3
2014,Baja California Sur,9,22.5,1
2014,Baja California Sur,9,27.5,11
2014,Baja California Sur,9,32.5,82
2014,Baja California Sur,9,37.5,6
2014,Baja California Sur,9,62.5,1
2014,Baja California Sur,9,67.5,1
2014,Baja California Sur,9,72.5,1
2014,Baja California Sur,10,27.5,11
2014,Baja California Sur,10,32.5,63
2014,Baja California Sur,10,37.5,70
2014,Baja California Sur,10,42.5,8
2014,Baja California Sur,10,57.5,1
2014,Baja California Sur,10,77.5,1
2014,Baja California Sur,11,27.5,5
2014,Baja California Sur,11,32.5,36
2014,Baja California Sur,11,37.5,31
2014,Baja California Sur,11,42.5,3
2014,Baja California Sur,11,52.5,2
2014,Baja California Sur,12,22.5,1
2014,Baja California Sur,12,27.5,14
2014,Baja California Sur,12,32.5,4
2014,Baja California Sur,12,37.5,11
2014,Baja California Sur,12,42.5,8
2014,Colima,1,17.5,1
2014,Colima,1,22.5,10
2014,Colima,1,27.5,50
2014,Colima,1,32.5,34
2014,Colima,2,17.5,5
2014,Colima,2,22.5,14
2014,Colima,2,27.5,103
2014,Colima,2,32.5,62
2014,Colima,3,32.5,3
2014,Colima,3,37.5,9
2014,Colima,3,42.5,1
2014,Colima,4,17.5,4
2014,Colima,4,22.5,25
2014,Colima,4,27.5,38
2014,Colima,4,32.5,31
2014,Colima,4,37.5,1
2014,Colima,4,42.5,1
2014,Colima,4,47.5,9
2014,Colima,4,52.5,9
2014,Colima,4,57.5,2
2014,Colima,4,62.5,5
2014,Colima,5,17.5,38
2014,Colima,5,22.5,83
2014,Colima,5,27.5,6
2014,Colima,5,32.5,6
2014,Colima,5,37.5,1
2014,Colima,6,17.5,25
2014,Colima,6,22.5,6
2014,Colima,7,17.5,8
2014,Colima,7,22.5,30
2014,Colima,7,27.5,20
2014,Colima,7,32.5,4
2014,Colima,7,37.5,1
2014,Colima,8,22.5,17
2014,Colima,8,27.5,4
2014,Colima,10,17.5,9
2014,Colima,10,22.5,20
2014,Colima,10,27.5,72
2014,Colima,10,32.5,33
2014,Colima,10,37.5,2
2014,Colima,10,NA,1
2014,Jalisco,2,27.5,23
2014,Jalisco,2,32.5,12
2014,Jalisco,2,37.5,3
2014,Jalisco,2,42.5,6
2014,Jalisco,2,47.5,7
2014,Jalisco,2,52.5,1
2014,Jalisco,3,17.5,17
2014,Jalisco,3,22.5,191
2014,Jalisco,3,27.5,59
2014,Jalisco,3,32.5,49
2014,Jalisco,3,37.5,6
2014,Jalisco,3,42.5,1
2014,Jalisco,3,47.5,1
2014,Jalisco,3,NA,1
2014,Jalisco,4,17.5,1
2014,Jalisco,4,22.5,7
2014,Jalisco,4,27.5,26
2014,Jalisco,4,32.5,25
2014,Jalisco,4,37.5,7
2014,Jalisco,5,22.5,7
2014,Jalisco,5,27.5,20
2014,Jalisco,5,32.5,2
2014,Jalisco,6,12.5,1
2014,Jalisco,6,32.5,1
2014,Jalisco,6,37.5,3
2014,Jalisco,6,52.5,1
2014,Jalisco,6,62.5,3
2014,Jalisco,6,77.5,1
2014,Jalisco,6,92.5,1
2014,Jalisco,7,17.5,1
2014,Jalisco,7,22.5,295
2014,Jalisco,7,27.5,98
2014,Jalisco,7,32.5,18
2014,Jalisco,7,37.5,1
2014,Jalisco,7,47.5,1
2014,Jalisco,7,57.5,2
2014,Jalisco,7,67.5,1
2014,Jalisco,7,72.5,1
2014,Jalisco,8,27.5,1
2014,Jalisco,8,32.5,1
2014,Jalisco,8,37.5,4
2014,Jalisco,8,42.5,2
2014,Jalisco,8,NA,2
2014,Jalisco,9,32.5,1
2014,Jalisco,10,22.5,27
2014,Jalisco,10,27.5,35
2014,Jalisco,10,32.5,4
2014,Jalisco,10,42.5,2
2014,Jalisco,10,47.5,3
2014,Jalisco,10,52.5,1
2014,Jalisco,10,57.5,1
2014,Jalisco,11,17.5,1
2014,Jalisco,11,22.5,21
2014,Jalisco,11,27.5,17
2014,Jalisco,11,32.5,4
2014,Jalisco,11,42.5,2
2014,Jalisco,11,47.5,1
2014,Jalisco,11,52.5,1
2014,Jalisco,12,17.5,1
2014,Jalisco,12,22.5,21
2014,Jalisco,12,27.5,13
2014,Jalisco,12,32.5,11
2014,Jalisco,12,37.5,1
2014,Jalisco,12,42.5,5
2014,Jalisco,12,47.5,4
2014,Jalisco,12,NA,1
2014,Nayarit,2,22.5,2
2014,Nayarit,2,27.5,22
2014,Nayarit,2,32.5,30
2014,Nayarit,2,42.5,1
2014,Nayarit,3,22.5,21
2014,Nayarit,3,27.5,53
2014,Nayarit,3,32.5,41
2014,Nayarit,3,37.5,5
2014,Nayarit,3,42.5,1
2014,Nayarit,5,22.5,1
2014,Nayarit,5,27.5,1
2014,Nayarit,5,32.5,2
2014,Nayarit,10,22.5,1
2014,Nayarit,10,27.5,7
2014,Nayarit,10,32.5,15
2014,Nayarit,10,37.5,1
2014,Nayarit,11,22.5,3
2014,Nayarit,11,27.5,21
2014,Nayarit,11,32.5,6
2014,Nayarit,12,22.5,13
2014,Nayarit,12,27.5,13
2014,Nayarit,12,32.5,4
2015,Baja California Sur,1,27.5,1
2015,Baja California Sur,1,32.5,10
2015,Baja California Sur,1,37.5,51
2015,Baja California Sur,1,42.5,29
2015,Baja California Sur,1,47.5,5
2015,Baja California Sur,1,52.5,2
2015,Baja California Sur,2,27.5,4
2015,Baja California Sur,2,32.5,24
2015,Baja California Sur,2,37.5,113
2015,Baja California Sur,2,42.5,139
2015,Baja California Sur,2,47.5,22
2015,Baja California Sur,2,52.5,3
2015,Baja California Sur,2,57.5,1
2015,Baja California Sur,3,27.5,1
2015,Baja California Sur,3,32.5,2
2015,Baja California Sur,3,37.5,3
2015,Baja California Sur,3,42.5,7
2015,Baja California Sur,3,47.5,1
2015,Baja California Sur,4,52.5,16
2015,Baja California Sur,4,57.5,4
2015,Baja California Sur,4,62.5,1
2015,Baja California Sur,5,42.5,1
2015,Baja California Sur,5,47.5,1
2015,Baja California Sur,5,57.5,1
2015,Baja California Sur,5,67.5,1
2015,Baja California Sur,6,32.5,20
2015,Baja California Sur,6,37.5,5
2015,Baja California Sur,6,42.5,1
2015,Baja California Sur,7,27.5,20
2015,Baja California Sur,7,32.5,56
2015,Baja California Sur,7,37.5,135
2015,Baja California Sur,7,42.5,148
2015,Baja California Sur,7,47.5,26
2015,Baja California Sur,7,52.5,3
2015,Baja California Sur,7,57.5,2
2015,Baja California Sur,7,62.5,1
2015,Baja California Sur,7,67.5,4
2015,Baja California Sur,7,72.5,1
2015,Baja California Sur,7,77.5,1
2015,Baja California Sur,8,22.5,3
2015,Baja California Sur,8,27.5,7
2015,Baja California Sur,8,32.5,26
2015,Baja California Sur,8,37.5,59
2015,Baja California Sur,8,42.5,54
2015,Baja California Sur,8,47.5,26
2015,Baja California Sur,8,52.5,5
2015,Baja California Sur,8,57.5,4
2015,Baja California Sur,8,62.5,1
2015,Baja California Sur,9,27.5,8
2015,Baja California Sur,9,32.5,21
2015,Baja California Sur,9,37.5,67
2015,Baja California Sur,9,42.5,61
2015,Baja California Sur,9,47.5,22
2015,Baja California Sur,9,52.5,6
2015,Baja California Sur,9,57.5,6
2015,Baja California Sur,9,62.5,2
2015,Baja California Sur,9,67.5,2
2015,Baja California Sur,10,27.5,8
2015,Baja California Sur,10,32.5,9
2015,Baja California Sur,10,37.5,3
2015,Baja California Sur,10,42.5,13
2015,Baja California Sur,10,47.5,10
2015,Baja California Sur,10,52.5,9
2015,Baja California Sur,10,57.5,1
2015,Baja California Sur,10,62.5,2
2015,Baja California Sur,11,22.5,3
2015,Baja California Sur,11,27.5,33
2015,Baja California Sur,11,32.5,49
2015,Baja California Sur,11,37.5,15
2015,Baja California Sur,11,42.5,13
2015,Baja California Sur,11,47.5,12
2015,Baja California Sur,11,52.5,6
2015,Baja California Sur,11,57.5,2
2015,Baja California Sur,11,62.5,1
2015,Baja California Sur,12,47.5,1
2015,Colima,1,22.5,11
2015,Colima,1,27.5,51
2015,Colima,1,32.5,17
2015,Colima,1,37.5,8
2015,Colima,1,42.5,3
2015,Colima,1,NA,2
2015,Colima,4,17.5,1
2015,Colima,4,22.5,30
2015,Colima,4,27.5,30
2015,Colima,4,32.5,38
2015,Colima,4,37.5,12
2015,Colima,4,42.5,4
2015,Colima,4,67.5,1
2015,Colima,5,17.5,4
2015,Colima,5,22.5,34
2015,Colima,5,27.5,51
2015,Colima,5,32.5,55
2015,Colima,5,37.5,5
2015,Colima,5,42.5,3
2015,Colima,5,47.5,3
2015,Colima,5,52.5,3
2015,Colima,5,57.5,1
2015,Colima,5,62.5,1
2015,Colima,5,82.5,1
2015,Colima,5,NA,1
2015,Colima,7,22.5,10
2015,Colima,7,27.5,26
2015,Colima,7,32.5,42
2015,Colima,7,37.5,18
2015,Colima,7,42.5,3
2015,Colima,7,57.5,1
2015,Colima,8,17.5,8
2015,Colima,8,22.5,17
2015,Colima,8,27.5,3
2015,Colima,8,32.5,56
2015,Colima,8,37.5,151
2015,Colima,8,42.5,27
2015,Colima,8,47.5,2
2015,Colima,8,67.5,1
2015,Colima,8,72.5,1
2015,Colima,8,77.5,1
2015,Colima,8,92.5,1
2015,Colima,9,17.5,11
2015,Colima,9,22.5,58
2015,Colima,9,27.5,99
2015,Colima,9,32.5,56
2015,Colima,9,37.5,58
2015,Colima,9,42.5,9
2015,Colima,9,47.5,1
2015,Colima,9,NA,2
2015,Colima,10,17.5,9
2015,Colima,10,22.5,15
2015,Colima,10,27.5,28
2015,Colima,10,32.5,3
2015,Colima,10,37.5,4
2015,Colima,11,32.5,3
2015,Colima,11,52.5,1
2015,Colima,11,57.5,3
2015,Colima,11,62.5,4
2015,Colima,11,67.5,4
2015,Colima,11,72.5,6
2015,Colima,11,77.5,3
2015,Colima,12,57.5,1
2015,Colima,12,62.5,1
2015,Colima,12,72.5,1
2015,Guerrero,4,27.5,20
2015,Guerrero,4,32.5,22
2015,Guerrero,4,37.5,1
2015,Jalisco,1,22.5,1
2015,Jalisco,1,27.5,4
2015,Jalisco,1,32.5,1
2015,Jalisco,1,37.5,1
2015,Jalisco,2,22.5,31
2015,Jalisco,2,27.5,95
2015,Jalisco,2,32.5,19
2015,Jalisco,2,37.5,5
2015,Jalisco,2,42.5,3
2015,Jalisco,3,22.5,33
2015,Jalisco,3,27.5,151
2015,Jalisco,3,32.5,90
2015,Jalisco,3,37.5,10
2015,Jalisco,4,22.5,4
2015,Jalisco,4,27.5,24
2015,Jalisco,4,32.5,21
2015,Jalisco,4,37.5,5
2015,Jalisco,4,42.5,2
2015,Jalisco,4,62.5,1
2015,Jalisco,4,NA,1
2015,Jalisco,5,17.5,2
2015,Jalisco,5,22.5,49
2015,Jalisco,5,27.5,6
2015,Jalisco,5,32.5,3
2015,Jalisco,5,37.5,1
2015,Jalisco,5,77.5,1
2015,Jalisco,5,87.5,1
2015,Jalisco,7,17.5,1
2015,Jalisco,7,22.5,24
2015,Jalisco,7,27.5,19
2015,Jalisco,7,32.5,101
2015,Jalisco,7,37.5,72
2015,Jalisco,7,42.5,27
2015,Jalisco,7,47.5,7
2015,Jalisco,7,52.5,2
2015,Jalisco,7,NA,4
2015,Jalisco,8,22.5,33
2015,Jalisco,8,27.5,37
2015,Jalisco,8,32.5,6
2015,Jalisco,8,37.5,5
2015,Jalisco,8,NA,2
2015,Jalisco,9,22.5,3
2015,Jalisco,9,27.5,17
2015,Jalisco,9,37.5,2
2015,Jalisco,11,27.5,8
2015,Jalisco,11,32.5,33
2015,Jalisco,11,37.5,55
2015,Jalisco,11,42.5,21
2015,Jalisco,11,47.5,5
2015,Jalisco,11,52.5,3
2015,Jalisco,11,57.5,3
2015,Jalisco,11,62.5,1
2015,Jalisco,11,67.5,1
2015,Jalisco,12,27.5,1
2015,Nayarit,3,17.5,11
2015,Nayarit,3,22.5,20
2015,Nayarit,3,27.5,35
2015,Nayarit,3,32.5,19
2015,Nayarit,3,37.5,1
2015,Nayarit,3,42.5,1
2015,Nayarit,3,47.5,3
2015,Nayarit,3,52.5,1
2015,Nayarit,5,17.5,2
2015,Nayarit,5,22.5,11
2015,Nayarit,5,27.5,9
2015,Nayarit,12,32.5,17
2015,Nayarit,12,37.5,2
2015,Nayarit,12,42.5,1
2015,Sonora,6,NA,9
2016,Baja California Sur,1,22.5,2
2016,Baja California Sur,1,27.5,37
2016,Baja California Sur,1,32.5,102
2016,Baja California Sur,1,37.5,10
2016,Baja California Sur,1,42.5,12
2016,Baja California Sur,1,47.5,7
2016,Baja California Sur,1,57.5,1
2016,Baja California Sur,2,32.5,12
2016,Baja California Sur,2,72.5,7
2016,Baja California Sur,2,77.5,2
2016,Baja California Sur,2,82.5,2
2016,Baja California Sur,3,77.5,1
2016,Baja California Sur,4,22.5,1
2016,Baja California Sur,4,27.5,11
2016,Baja California Sur,4,32.5,61
2016,Baja California Sur,4,37.5,50
2016,Baja California Sur,4,42.5,56
2016,Baja California Sur,4,47.5,92
2016,Baja California Sur,4,52.5,59
2016,Baja California Sur,4,57.5,11
2016,Baja California Sur,4,62.5,1
2016,Baja California Sur,5,22.5,5
2016,Baja California Sur,5,27.5,35
2016,Baja California Sur,5,32.5,325
2016,Baja California Sur,5,37.5,154
2016,Baja California Sur,5,42.5,84
2016,Baja California Sur,5,47.5,124
2016,Baja California Sur,5,52.5,66
2016,Baja California Sur,5,57.5,28
2016,Baja California Sur,5,62.5,12
2016,Baja California Sur,5,67.5,6
2016,Baja California Sur,5,NA,1
2016,Baja California Sur,6,22.5,3
2016,Baja California Sur,6,27.5,27
2016,Baja California Sur,6,32.5,253
2016,Baja California Sur,6,37.5,122
2016,Baja California Sur,6,42.5,82
2016,Baja California Sur,6,47.5,83
2016,Baja California Sur,6,52.5,55
2016,Baja California Sur,6,57.5,27
2016,Baja California Sur,6,62.5,36
2016,Baja California Sur,6,67.5,18
2016,Baja California Sur,6,72.5,10
2016,Baja California Sur,6,77.5,2
2016,Baja California Sur,6,NA,1
2016,Baja California Sur,7,22.5,2
2016,Baja California Sur,7,27.5,8
2016,Baja California Sur,7,32.5,113
2016,Baja California Sur,7,37.5,194
2016,Baja California Sur,7,42.5,111
2016,Baja California Sur,7,47.5,66
2016,Baja California Sur,7,52.5,44
2016,Baja California Sur,7,57.5,29
2016,Baja California Sur,7,62.5,15
2016,Baja California Sur,7,67.5,16
2016,Baja California Sur,7,72.5,9
2016,Baja California Sur,7,77.5,2
2016,Baja California Sur,7,82.5,3
2016,Baja California Sur,7,NA,3
2016,Baja California Sur,8,17.5,1
2016,Baja California Sur,8,22.5,14
2016,Baja California Sur,8,27.5,57
2016,Baja California Sur,8,32.5,295
2016,Baja California Sur,8,37.5,346
2016,Baja California Sur,8,42.5,134
2016,Baja California Sur,8,47.5,99
2016,Baja California Sur,8,52.5,47
2016,Baja California Sur,8,57.5,17
2016,Baja California Sur,8,62.5,5
2016,Baja California Sur,8,67.5,6
2016,Baja California Sur,8,72.5,5
2016,Baja California Sur,8,82.5,1
2016,Baja California Sur,8,NA,1
2016,Baja California Sur,9,22.5,10
2016,Baja California Sur,9,27.5,191
2016,Baja California Sur,9,32.5,463
2016,Baja California Sur,9,37.5,469
2016,Baja California Sur,9,42.5,147
2016,Baja California Sur,9,47.5,112
2016,Baja California Sur,9,52.5,82
2016,Baja California Sur,9,57.5,70
2016,Baja California Sur,9,62.5,53
2016,Baja California Sur,9,67.5,56
2016,Baja California Sur,9,72.5,30
2016,Baja California Sur,9,77.5,3
2016,Baja California Sur,9,82.5,1
2016,Baja California Sur,9,87.5,1
2016,Baja California Sur,9,NA,4
2016,Baja California Sur,10,22.5,8
2016,Baja California Sur,10,27.5,157
2016,Baja California Sur,10,32.5,375
2016,Baja California Sur,10,37.5,313
2016,Baja California Sur,10,42.5,100
2016,Baja California Sur,10,47.5,57
2016,Baja California Sur,10,52.5,19
2016,Baja California Sur,10,57.5,10
2016,Baja California Sur,10,62.5,7
2016,Baja California Sur,10,67.5,5
2016,Baja California Sur,10,72.5,4
2016,Baja California Sur,11,22.5,9
2016,Baja California Sur,11,27.5,252
2016,Baja California Sur,11,32.5,311
2016,Baja California Sur,11,37.5,284
2016,Baja California Sur,11,42.5,93
2016,Baja California Sur,11,47.5,67
2016,Baja California Sur,11,52.5,56
2016,Baja California Sur,11,57.5,20
2016,Baja California Sur,11,62.5,6
2016,Baja California Sur,11,67.5,4
2016,Baja California Sur,11,72.5,2
2016,Baja California Sur,11,NA,2
2016,Baja California Sur,12,27.5,33
2016,Baja California Sur,12,32.5,61
2016,Baja California Sur,12,37.5,25
2016,Baja California Sur,12,42.5,6
2016,Baja California Sur,12,47.5,6
2016,Baja California Sur,12,52.5,5
2016,Baja California Sur,12,57.5,6
2016,Baja California Sur,12,62.5,3
2016,Baja California Sur,12,67.5,1
2016,Chiapas,5,52.5,1
2016,Chiapas,5,62.5,1
2016,Chiapas,5,77.5,1
2016,Chiapas,5,82.5,2
2016,Colima,4,17.5,4
2016,Colima,4,22.5,36
2016,Colima,4,27.5,50
2016,Colima,4,32.5,64
2016,Colima,4,37.5,16
2016,Colima,4,42.5,5
2016,Colima,4,47.5,9
2016,Colima,4,52.5,9
2016,Colima,4,57.5,20
2016,Colima,4,62.5,4
2016,Colima,4,67.5,2
2016,Colima,4,72.5,2
2016,Colima,4,97.5,1
2016,Colima,4,NA,2
2016,Colima,5,17.5,11
2016,Colima,5,22.5,86
2016,Colima,5,27.5,30
2016,Colima,5,32.5,5
2016,Colima,5,37.5,3
2016,Colima,5,42.5,1
2016,Colima,5,47.5,6
2016,Colima,5,52.5,11
2016,Colima,5,57.5,7
2016,Colima,5,62.5,5
2016,Colima,5,67.5,2
2016,Colima,5,72.5,1
2016,Colima,6,17.5,36
2016,Colima,6,22.5,73
2016,Colima,6,27.5,12
2016,Colima,7,17.5,15
2016,Colima,7,22.5,29
2016,Colima,7,27.5,13
2016,Colima,7,32.5,1
2016,Colima,8,22.5,43
2016,Colima,8,27.5,82
2016,Colima,8,32.5,10
2016,Colima,8,37.5,2
2016,Colima,8,NA,1
2016,Colima,9,17.5,17
2016,Colima,9,22.5,20
2016,Colima,9,27.5,19
2016,Jalisco,3,17.5,2
2016,Jalisco,3,22.5,36
2016,Jalisco,3,27.5,78
2016,Jalisco,3,32.5,37
2016,Jalisco,3,37.5,33
2016,Jalisco,3,42.5,19
2016,Jalisco,3,47.5,7
2016,Jalisco,3,52.5,1
2016,Jalisco,3,57.5,1
2016,Jalisco,3,NA,1
2016,Jalisco,4,17.5,11
2016,Jalisco,4,22.5,83
2016,Jalisco,4,27.5,63
2016,Jalisco,4,32.5,12
2016,Jalisco,4,37.5,4
2016,Jalisco,4,42.5,1
2016,Jalisco,5,27.5,7
2016,Jalisco,5,32.5,26
2016,Jalisco,5,37.5,8
2016,Jalisco,5,NA,1
2016,Jalisco,6,22.5,72
2016,Jalisco,6,27.5,51
2016,Jalisco,6,32.5,25
2016,Jalisco,6,37.5,17
2016,Jalisco,7,22.5,1
2016,Jalisco,7,27.5,3
2016,Jalisco,7,32.5,23
2016,Jalisco,8,22.5,11
2016,Jalisco,8,27.5,16
2016,Jalisco,10,22.5,1
2016,Jalisco,10,27.5,1
2016,Jalisco,11,37.5,1
2016,Jalisco,11,42.5,6
2016,Jalisco,11,47.5,5
2016,Jalisco,12,22.5,26
2016,Jalisco,12,27.5,19
2016,Jalisco,12,32.5,34
2016,Jalisco,12,42.5,3
2016,Jalisco,12,47.5,7
2016,Michoacan,3,17.5,2
2016,Michoacan,3,22.5,46
2016,Michoacan,3,27.5,39
2016,Michoacan,3,32.5,40
2016,Michoacan,3,37.5,48
2016,Michoacan,3,42.5,51
2016,Michoacan,3,47.5,36
2016,Michoacan,3,52.5,2
2016,Michoacan,3,57.5,1
2016,Michoacan,4,17.5,8
2016,Michoacan,4,22.5,26
2016,Michoacan,4,27.5,46
2016,Michoacan,4,32.5,25
2016,Michoacan,4,37.5,17
2016,Michoacan,4,42.5,26
2016,Michoacan,4,47.5,4
2016,Michoacan,4,57.5,2
2016,Michoacan,5,17.5,10
2016,Michoacan,5,22.5,82
2016,Michoacan,5,27.5,66
2016,Michoacan,5,32.5,110
2016,Michoacan,5,37.5,36
2016,Michoacan,5,42.5,15
2016,Michoacan,5,47.5,9
2016,Michoacan,5,52.5,2
2016,Michoacan,6,22.5,33
2016,Michoacan,6,27.5,88
2016,Michoacan,6,32.5,43
2016,Michoacan,6,37.5,16
2016,Michoacan,7,22.5,17
2016,Michoacan,7,27.5,33
2016,Michoacan,7,32.5,10
2016,Michoacan,7,37.5,3
2016,Michoacan,7,42.5,1
2016,Michoacan,8,17.5,1
2016,Michoacan,8,22.5,1
2016,Michoacan,8,27.5,1
2016,Michoacan,9,22.5,15
2016,Michoacan,9,27.5,22
2016,Michoacan,9,32.5,3
2016,Michoacan,9,37.5,5
2016,Michoacan,9,42.5,4
2016,Michoacan,10,22.5,20
2016,Michoacan,10,27.5,27
2016,Michoacan,10,32.5,5
2016,Michoacan,10,37.5,1
2016,Michoacan,10,47.5,1
2016,Michoacan,10,52.5,2
2016,Michoacan,10,67.5,1
2016,Michoacan,10,NA,1
2016,Michoacan,11,17.5,2
2016,Michoacan,11,22.5,88
2016,Michoacan,11,27.5,57
2016,Michoacan,11,32.5,15
2016,Michoacan,11,37.5,5
2016,Michoacan,11,42.5,4
2016,Michoacan,11,47.5,9
2016,Michoacan,11,52.5,5
2016,Michoacan,11,57.5,7
2016,Michoacan,11,62.5,4
2016,Michoacan,11,67.5,3
2016,Michoacan,11,72.5,1
2016,Michoacan,11,NA,109
2016,Michoacan,12,17.5,2
2016,Michoacan,12,22.5,112
2016,Michoacan,12,27.5,32
2016,Michoacan,12,32.5,1
2016,Michoacan,12,42.5,2
2016,Michoacan,12,NA,1
2016,Nayarit,1,37.5,1
2016,Nayarit,1,47.5,8
2016,Nayarit,1,52.5,6
2016,Nayarit,1,57.5,4
2016,Nayarit,1,62.5,1
2016,Nayarit,1,72.5,3
2016,Nayarit,1,77.5,2
2016,Nayarit,1,82.5,5
2016,Nayarit,2,27.5,1
2016,Nayarit,2,32.5,14
2016,Nayarit,2,37.5,16
2016,Nayarit,2,77.5,1
2016,Nayarit,3,22.5,11
2016,Nayarit,3,27.5,9
2016,Nayarit,3,32.5,14
2016,Nayarit,3,37.5,54
2016,Nayarit,3,42.5,10
2016,Nayarit,3,47.5,4
2016,Nayarit,3,62.5,1
2016,Nayarit,3,67.5,4
2016,Nayarit,3,72.5,10
2016,Nayarit,3,77.5,5
2016,Nayarit,3,82.5,2
2016,Nayarit,3,92.5,1
2016,Nayarit,4,22.5,59
2016,Nayarit,4,27.5,71
2016,Nayarit,4,32.5,42
2016,Nayarit,4,37.5,24
2016,Nayarit,4,42.5,15
2016,Nayarit,4,47.5,10
2016,Nayarit,4,52.5,4
2016,Nayarit,4,57.5,7
2016,Nayarit,4,62.5,11
2016,Nayarit,4,67.5,9
2016,Nayarit,4,72.5,9
2016,Nayarit,4,77.5,2
2016,Nayarit,4,82.5,2
2016,Nayarit,4,87.5,4
2016,Nayarit,4,92.5,5
2016,Nayarit,5,12.5,1
2016,Nayarit,5,17.5,2
2016,Nayarit,5,22.5,17
2016,Nayarit,5,27.5,42
2016,Nayarit,5,32.5,63
2016,Nayarit,5,37.5,71
2016,Nayarit,5,42.5,40
2016,Nayarit,5,47.5,15
2016,Nayarit,5,52.5,4
2016,Nayarit,5,57.5,6
2016,Nayarit,5,62.5,7
2016,Nayarit,5,67.5,2
2016,Nayarit,5,72.5,8
2016,Nayarit,5,77.5,8
2016,Nayarit,5,82.5,14
2016,Nayarit,5,87.5,9
2016,Nayarit,5,92.5,16
2016,Nayarit,5,97.5,1
2016,Nayarit,5,102.5,1
2016,Nayarit,6,17.5,1
2016,Nayarit,6,22.5,33
2016,Nayarit,6,27.5,103
2016,Nayarit,6,32.5,42
2016,Nayarit,6,37.5,23
2016,Nayarit,6,42.5,15
2016,Nayarit,6,47.5,1
2016,Nayarit,6,52.5,6
2016,Nayarit,6,57.5,9
2016,Nayarit,6,62.5,6
2016,Nayarit,6,67.5,3
2016,Nayarit,6,72.5,4
2016,Nayarit,6,77.5,1
2016,Nayarit,6,82.5,2
2016,Nayarit,6,87.5,3
2016,Nayarit,6,92.5,1
2016,Nayarit,7,12.5,1
2016,Nayarit,7,17.5,2
2016,Nayarit,7,22.5,34
2016,Nayarit,7,27.5,41
2016,Nayarit,7,32.5,9
2016,Nayarit,7,37.5,24
2016,Nayarit,7,42.5,12
2016,Nayarit,7,62.5,1
2016,Nayarit,7,72.5,3
2016,Nayarit,7,77.5,10
2016,Nayarit,7,82.5,9
2016,Nayarit,7,87.5,7
2016,Nayarit,7,92.5,8
2016,Nayarit,7,97.5,4
2016,Nayarit,7,102.5,1
2016,Nayarit,8,17.5,3
2016,Nayarit,8,22.5,71
2016,Nayarit,8,27.5,51
2016,Nayarit,8,32.5,17
2016,Nayarit,8,37.5,4
2016,Nayarit,8,47.5,6
2016,Nayarit,8,52.5,4
2016,Nayarit,8,57.5,1
2016,Nayarit,8,62.5,1
2016,Nayarit,8,NA,2
2016,Nayarit,9,17.5,1
2016,Nayarit,9,22.5,29
2016,Nayarit,9,27.5,25
2016,Nayarit,9,32.5,21
2016,Nayarit,9,37.5,10
2016,Nayarit,9,42.5,6
2016,Nayarit,10,17.5,1
2016,Nayarit,10,22.5,40
2016,Nayarit,10,27.5,4
2016,Nayarit,10,37.5,1
2016,Nayarit,10,42.5,2
2016,Nayarit,10,47.5,2
2016,Nayarit,11,22.5,8
2016,Nayarit,11,27.5,68
2016,Nayarit,11,32.5,6
2016,Nayarit,11,37.5,20
2016,Nayarit,11,42.5,15
2016,Nayarit,11,47.5,2
2016,Nayarit,11,52.5,3
2016,Nayarit,11,57.5,1
2016,Nayarit,11,NA,1
2016,Nayarit,12,17.5,2
2016,Nayarit,12,22.5,56
2016,Nayarit,12,27.5,7
2016,Nayarit,12,32.5,39
2016,Nayarit,12,37.5,35
2016,Nayarit,12,42.5,11
2016,Nayarit,12,47.5,5
2016,Nayarit,12,62.5,4
2016,Nayarit,12,67.5,5
2016,Nayarit,12,72.5,10
2016,Nayarit,12,77.5,8
2016,Nayarit,12,82.5,5
2016,Oaxaca,3,22.5,3
2016,Oaxaca,3,27.5,18
2016,Oaxaca,3,32.5,11
2016,Oaxaca,3,37.5,2
2016,Oaxaca,4,22.5,2
2016,Oaxaca,4,27.5,56
2016,Oaxaca,4,32.5,69
2016,Oaxaca,4,37.5,7
2016,Oaxaca,4,42.5,1
2016,Oaxaca,4,47.5,1
2016,Oaxaca,4,57.5,1
2016,Oaxaca,4,62.5,2
2016,Oaxaca,5,22.5,6
2016,Oaxaca,5,27.5,101
2016,Oaxaca,5,32.5,182
2016,Oaxaca,5,37.5,95
2016,Oaxaca,5,42.5,30
2016,Oaxaca,5,47.5,11
2016,Oaxaca,5,52.5,3
2016,Oaxaca,5,57.5,1
2016,Oaxaca,5,77.5,1
2016,Oaxaca,6,27.5,43
2016,Oaxaca,6,32.5,69
2016,Oaxaca,6,37.5,10
2016,Oaxaca,7,27.5,8
2016,Oaxaca,7,32.5,17
2016,Oaxaca,7,37.5,8
2016,Oaxaca,7,42.5,1
2016,Oaxaca,7,62.5,1
2016,Oaxaca,8,27.5,16
2016,Oaxaca,8,32.5,15
2016,Oaxaca,8,37.5,3
2016,Oaxaca,8,42.5,1
2016,Oaxaca,9,27.5,1
2016,Oaxaca,9,32.5,21
2016,Oaxaca,9,37.5,11
2016,Oaxaca,9,42.5,39
2016,Oaxaca,9,47.5,23
2016,Oaxaca,9,52.5,9
2016,Oaxaca,9,57.5,5
2016,Oaxaca,9,67.5,3
2016,Oaxaca,10,27.5,6
2016,Oaxaca,10,32.5,10
2016,Oaxaca,10,37.5,3
2016,Oaxaca,11,27.5,38
2016,Oaxaca,11,32.5,30
2016,Oaxaca,11,37.5,6
2016,Oaxaca,12,27.5,10
2016,Oaxaca,12,32.5,12
2016,Oaxaca,12,37.5,1
2016,Sinaloa,4,22.5,19
2016,Sinaloa,4,27.5,13
2016,Sinaloa,4,32.5,19
2016,Sinaloa,4,37.5,2
2016,Sinaloa,4,42.5,1
2016,Sinaloa,4,47.5,1
2016,Sinaloa,5,32.5,5
2016,Sinaloa,5,37.5,26
2016,Sinaloa,5,42.5,10
2016,Sinaloa,5,47.5,8
2016,Sinaloa,5,52.5,4
2016,Sinaloa,5,57.5,2
2016,Sinaloa,5,67.5,1
2016,Sinaloa,6,22.5,2
2016,Sinaloa,6,27.5,13
2016,Sinaloa,6,32.5,19
2016,Sinaloa,6,37.5,9
2016,Sinaloa,6,42.5,3
2016,Sinaloa,6,57.5,3
2016,Sinaloa,6,62.5,1
2016,Sinaloa,7,22.5,1
2016,Sinaloa,7,27.5,1
2016,Sinaloa,7,32.5,27
2016,Sinaloa,7,37.5,1
2016,Sinaloa,7,42.5,1
2016,Sinaloa,10,32.5,2
2016,Sinaloa,10,37.5,2
2016,Sinaloa,10,42.5,1
2016,Sinaloa,11,22.5,1
2016,Sinaloa,11,27.5,29
2016,Sinaloa,11,32.5,4
2016,Sinaloa,11,37.5,18
2016,Sinaloa,11,52.5,2
2016,Sinaloa,11,57.5,1
2016,Sinaloa,12,22.5,9
2016,Sinaloa,12,27.5,45
2016,Sinaloa,12,32.5,27
2016,Sinaloa,12,37.5,28
2016,Sinaloa,12,42.5,14
2016,Sinaloa,12,47.5,14
2016,Sinaloa,12,52.5,5
2016,Sonora,6,37.5,4
2016,Sonora,6,42.5,8
2016,Sonora,6,47.5,6
2016,Sonora,6,52.5,9
2016,Sonora,6,57.5,12
2016,Sonora,6,62.5,12
2016,Sonora,6,67.5,6
2016,Sonora,6,72.5,3
2016,Sonora,6,NA,153
2016,Sonora,7,27.5,2
2016,Sonora,7,32.5,14
2016,Sonora,7,37.5,63
2016,Sonora,7,42.5,23
2016,Sonora,7,47.5,18
2016,Sonora,7,52.5,19
2016,Sonora,7,57.5,10
2016,Sonora,7,62.5,7
2016,Sonora,7,67.5,3
2016,Sonora,7,72.5,5
2016,Sonora,7,77.5,1
2016,Sonora,7,NA,601
2016,Sonora,8,22.5,3
2016,Sonora,8,27.5,17
2016,Sonora,8,32.5,67
2016,Sonora,8,37.5,80
2016,Sonora,8,42.5,21
2016,Sonora,8,47.5,5
2016,Sonora,8,52.5,13
2016,Sonora,8,57.5,7
2016,Sonora,8,62.5,15
2016,Sonora,8,67.5,3
2016,Sonora,8,NA,39
2017,Baja California Sur,1,27.5,94
2017,Baja California Sur,1,32.5,361
2017,Baja California Sur,1,37.5,139
2017,Baja California Sur,1,42.5,23
2017,Baja California Sur,1,47.5,15
2017,Baja California Sur,1,52.5,35
2017,Baja California Sur,1,57.5,13
2017,Baja California Sur,1,62.5,3
2017,Baja California Sur,1,72.5,1
2017,Baja California Sur,1,NA,2
2017,Baja California Sur,2,27.5,69
2017,Baja California Sur,2,32.5,188
2017,Baja California Sur,2,37.5,208
2017,Baja California Sur,2,42.5,114
2017,Baja California Sur,2,47.5,67
2017,Baja California Sur,2,52.5,30
2017,Baja California Sur,2,57.5,21
2017,Baja California Sur,2,62.5,5
2017,Baja California Sur,2,67.5,3
2017,Baja California Sur,2,72.5,1
2017,Baja California Sur,2,77.5,1
2017,Baja California Sur,2,87.5,1
2017,Baja California Sur,2,NA,1
2017,Baja California Sur,3,27.5,73
2017,Baja California Sur,3,32.5,215
2017,Baja California Sur,3,37.5,154
2017,Baja California Sur,3,42.5,64
2017,Baja California Sur,3,47.5,54
2017,Baja California Sur,3,52.5,60
2017,Baja California Sur,3,57.5,13
2017,Baja California Sur,3,62.5,14
2017,Baja California Sur,3,67.5,1
2017,Baja California Sur,3,72.5,1
2017,Baja California Sur,3,NA,24
2017,Baja California Sur,4,32.5,81
2017,Baja California Sur,4,37.5,77
2017,Baja California Sur,4,42.5,42
2017,Baja California Sur,4,47.5,53
2017,Baja California Sur,4,52.5,52
2017,Baja California Sur,4,57.5,11
2017,Baja California Sur,4,62.5,7
2017,Baja California Sur,4,67.5,1
2017,Baja California Sur,5,22.5,15
2017,Baja California Sur,5,27.5,85
2017,Baja California Sur,5,32.5,201
2017,Baja California Sur,5,37.5,131
2017,Baja California Sur,5,42.5,46
2017,Baja California Sur,5,47.5,25
2017,Baja California Sur,5,52.5,25
2017,Baja California Sur,5,57.5,19
2017,Baja California Sur,5,62.5,17
2017,Baja California Sur,5,67.5,7
2017,Baja California Sur,6,22.5,15
2017,Baja California Sur,6,27.5,89
2017,Baja California Sur,6,32.5,216
2017,Baja California Sur,6,37.5,74
2017,Baja California Sur,6,42.5,16
2017,Baja California Sur,6,47.5,18
2017,Baja California Sur,6,52.5,15
2017,Baja California Sur,6,57.5,16
2017,Baja California Sur,6,62.5,14
2017,Baja California Sur,6,67.5,24
2017,Baja California Sur,6,72.5,16
2017,Baja California Sur,6,77.5,3
2017,Baja California Sur,6,82.5,2
2017,Baja California Sur,6,87.5,1
2017,Baja California Sur,7,22.5,10
2017,Baja California Sur,7,27.5,113
2017,Baja California Sur,7,32.5,266
2017,Baja California Sur,7,37.5,115
2017,Baja California Sur,7,42.5,66
2017,Baja California Sur,7,47.5,68
2017,Baja California Sur,7,52.5,75
2017,Baja California Sur,7,57.5,51
2017,Baja California Sur,7,62.5,18
2017,Baja California Sur,7,67.5,18
2017,Baja California Sur,7,72.5,4
2017,Baja California Sur,7,77.5,4
2017,Baja California Sur,7,82.5,1
2017,Baja California Sur,7,NA,1
2017,Baja California Sur,8,22.5,9
2017,Baja California Sur,8,27.5,81
2017,Baja California Sur,8,32.5,289
2017,Baja California Sur,8,37.5,230
2017,Baja California Sur,8,42.5,173
2017,Baja California Sur,8,47.5,79
2017,Baja California Sur,8,52.5,32
2017,Baja California Sur,8,57.5,14
2017,Baja California Sur,8,62.5,7
2017,Baja California Sur,8,67.5,3
2017,Baja California Sur,8,72.5,2
2017,Baja California Sur,8,77.5,1
2017,Baja California Sur,8,NA,2
2017,Baja California Sur,9,17.5,1
2017,Baja California Sur,9,22.5,12
2017,Baja California Sur,9,27.5,109
2017,Baja California Sur,9,32.5,367
2017,Baja California Sur,9,37.5,165
2017,Baja California Sur,9,42.5,104
2017,Baja California Sur,9,47.5,50
2017,Baja California Sur,9,52.5,93
2017,Baja California Sur,9,57.5,69
2017,Baja California Sur,9,62.5,30
2017,Baja California Sur,9,67.5,23
2017,Baja California Sur,9,72.5,10
2017,Baja California Sur,9,NA,148
2017,Baja California Sur,10,22.5,16
2017,Baja California Sur,10,27.5,95
2017,Baja California Sur,10,32.5,363
2017,Baja California Sur,10,37.5,160
2017,Baja California Sur,10,42.5,117
2017,Baja California Sur,10,47.5,52
2017,Baja California Sur,10,52.5,37
2017,Baja California Sur,10,57.5,29
2017,Baja California Sur,10,62.5,11
2017,Baja California Sur,10,67.5,5
2017,Baja California Sur,10,72.5,1
2017,Baja California Sur,10,87.5,1
2017,Baja California Sur,10,NA,1
2017,Baja California Sur,11,22.5,27
2017,Baja California Sur,11,27.5,225
2017,Baja California Sur,11,32.5,187
2017,Baja California Sur,11,37.5,138
2017,Baja California Sur,11,42.5,68
2017,Baja California Sur,11,47.5,36
2017,Baja California Sur,11,52.5,29
2017,Baja California Sur,11,57.5,12
2017,Baja California Sur,11,62.5,8
2017,Baja California Sur,11,67.5,1
2017,Baja California Sur,11,NA,40
2017,Baja California Sur,12,22.5,5
2017,Baja California Sur,12,27.5,84
2017,Baja California Sur,12,32.5,131
2017,Baja California Sur,12,37.5,15
2017,Baja California Sur,12,42.5,2
2017,Baja California Sur,12,62.5,3
2017,Baja California Sur,12,67.5,4
2017,Baja California Sur,12,72.5,6
2017,Baja California Sur,12,77.5,1
2017,Baja California Sur,12,87.5,1
2017,Chiapas,9,77.5,2
2017,Chiapas,9,82.5,2
2017,Chiapas,9,87.5,3
2017,Chiapas,9,92.5,1
2017,Chiapas,10,77.5,1
2017,Chiapas,11,67.5,1
2017,Chiapas,12,42.5,2
2017,Colima,1,17.5,4
2017,Colima,1,22.5,48
2017,Colima,1,27.5,85
2017,Colima,1,32.5,25
2017,Colima,1,37.5,3
2017,Colima,1,42.5,1
2017,Colima,1,57.5,1
2017,Colima,1,NA,2
2017,Colima,3,12.5,1
2017,Colima,3,17.5,1
2017,Colima,3,22.5,23
2017,Colima,3,27.5,108
2017,Colima,3,32.5,73
2017,Colima,3,37.5,20
2017,Colima,3,42.5,34
2017,Colima,3,47.5,16
2017,Colima,3,52.5,9
2017,Colima,3,57.5,9
2017,Colima,3,62.5,1
2017,Colima,3,67.5,1
2017,Colima,3,77.5,1
2017,Colima,3,82.5,1
2017,Colima,3,87.5,1
2017,Colima,3,NA,1
2017,Colima,4,17.5,3
2017,Colima,4,22.5,13
2017,Colima,4,27.5,22
2017,Colima,4,32.5,10
2017,Colima,4,42.5,5
2017,Colima,4,47.5,3
2017,Colima,4,62.5,4
2017,Colima,5,17.5,134
2017,Colima,5,22.5,59
2017,Colima,5,27.5,5
2017,Colima,5,32.5,6
2017,Colima,5,37.5,38
2017,Colima,5,42.5,6
2017,Colima,5,52.5,3
2017,Colima,5,57.5,2
2017,Colima,5,NA,2
2017,Colima,7,17.5,11
2017,Colima,7,22.5,77
2017,Colima,7,27.5,11
2017,Colima,7,32.5,38
2017,Colima,7,37.5,12
2017,Colima,7,42.5,1
2017,Colima,7,47.5,3
2017,Colima,7,52.5,4
2017,Colima,7,57.5,2
2017,Colima,7,62.5,1
2017,Colima,7,67.5,1
2017,Colima,7,82.5,1
2017,Colima,8,17.5,3
2017,Colima,8,22.5,51
2017,Colima,8,27.5,25
2017,Colima,8,32.5,20
2017,Colima,8,37.5,37
2017,Colima,8,42.5,63
2017,Colima,8,47.5,13
2017,Colima,8,52.5,21
2017,Colima,8,57.5,28
2017,Colima,8,62.5,14
2017,Colima,8,67.5,6
2017,Colima,8,72.5,4
2017,Colima,8,77.5,4
2017,Colima,8,82.5,1
2017,Colima,8,87.5,2
2017,Colima,9,17.5,15
2017,Colima,9,22.5,90
2017,Colima,9,27.5,34
2017,Colima,9,32.5,14
2017,Colima,9,37.5,6
2017,Colima,9,NA,1
2017,Colima,10,17.5,32
2017,Colima,10,22.5,67
2017,Colima,10,27.5,46
2017,Colima,10,32.5,25
2017,Colima,10,37.5,3
2017,Colima,10,57.5,1
2017,Colima,10,62.5,9
2017,Colima,10,67.5,15
2017,Colima,10,72.5,6
2017,Colima,10,77.5,2
2017,Colima,10,82.5,6
2017,Colima,10,87.5,5
2017,Colima,10,NA,2
2017,Colima,11,22.5,4
2017,Colima,11,27.5,21
2017,Colima,11,32.5,38
2017,Colima,11,37.5,43
2017,Colima,11,42.5,12
2017,Colima,11,47.5,4
2017,Colima,11,52.5,3
2017,Colima,11,57.5,8
2017,Colima,11,62.5,3
2017,Colima,11,67.5,2
2017,Colima,11,72.5,1
2017,Colima,12,22.5,1
2017,Colima,12,27.5,41
2017,Colima,12,32.5,18
2017,Colima,12,37.5,22
2017,Colima,12,42.5,4
2017,Colima,12,47.5,5
2017,Colima,12,57.5,1
2017,Guerrero,11,22.5,22
2017,Guerrero,11,27.5,5
2017,Guerrero,11,32.5,4
2017,Jalisco,1,17.5,1
2017,Jalisco,1,22.5,30
2017,Jalisco,1,27.5,55
2017,Jalisco,1,32.5,7
2017,Jalisco,1,37.5,1
2017,Jalisco,2,17.5,5
2017,Jalisco,2,22.5,24
2017,Jalisco,2,27.5,89
2017,Jalisco,2,32.5,44
2017,Jalisco,2,37.5,24
2017,Jalisco,2,42.5,1
2017,Jalisco,2,NA,2
2017,Jalisco,3,22.5,9
2017,Jalisco,3,27.5,11
2017,Jalisco,3,32.5,24
2017,Jalisco,3,37.5,18
2017,Jalisco,3,42.5,6
2017,Jalisco,3,47.5,1
2017,Jalisco,3,NA,1
2017,Jalisco,4,17.5,2
2017,Jalisco,4,22.5,10
2017,Jalisco,4,27.5,13
2017,Jalisco,4,32.5,3
2017,Jalisco,5,17.5,31
2017,Jalisco,5,22.5,93
2017,Jalisco,5,27.5,101
2017,Jalisco,5,32.5,54
2017,Jalisco,5,37.5,8
2017,Jalisco,5,42.5,2
2017,Jalisco,5,NA,1
2017,Jalisco,6,22.5,1
2017,Jalisco,6,27.5,2
2017,Jalisco,7,22.5,8
2017,Jalisco,7,27.5,6
2017,Jalisco,8,22.5,5
2017,Jalisco,8,27.5,3
2017,Jalisco,8,32.5,3
2017,Jalisco,8,37.5,1
2017,Jalisco,8,47.5,1
2017,Jalisco,9,12.5,1
2017,Jalisco,9,27.5,1
2017,Jalisco,10,27.5,2
2017,Jalisco,10,37.5,16
2017,Jalisco,10,42.5,8
2017,Jalisco,10,NA,1
2017,Jalisco,11,22.5,1
2017,Jalisco,11,27.5,15
2017,Jalisco,11,32.5,9
2017,Jalisco,11,37.5,7
2017,Jalisco,11,62.5,2
2017,Jalisco,11,67.5,1
2017,Michoacan,3,17.5,3
2017,Michoacan,3,22.5,136
2017,Michoacan,3,27.5,291
2017,Michoacan,3,32.5,29
2017,Michoacan,3,37.5,4
2017,Michoacan,3,42.5,2
2017,Michoacan,3,47.5,3
2017,Michoacan,4,17.5,4
2017,Michoacan,4,22.5,74
2017,Michoacan,4,27.5,76
2017,Michoacan,4,32.5,15
2017,Michoacan,4,57.5,1
2017,Michoacan,4,62.5,3
2017,Michoacan,4,NA,1
2017,Michoacan,5,17.5,10
2017,Michoacan,5,22.5,57
2017,Michoacan,5,27.5,75
2017,Michoacan,5,32.5,23
2017,Michoacan,5,37.5,7
2017,Michoacan,5,42.5,1
2017,Michoacan,5,57.5,1
2017,Michoacan,5,77.5,1
2017,Michoacan,6,17.5,5
2017,Michoacan,6,22.5,3
2017,Michoacan,6,27.5,13
2017,Michoacan,6,32.5,8
2017,Michoacan,6,37.5,2
2017,Michoacan,7,22.5,4
2017,Michoacan,8,22.5,12
2017,Michoacan,8,27.5,10
2017,Michoacan,8,32.5,6
2017,Michoacan,8,37.5,5
2017,Michoacan,8,42.5,2
2017,Michoacan,8,57.5,2
2017,Michoacan,8,62.5,1
2017,Michoacan,8,67.5,1
2017,Michoacan,9,22.5,1
2017,Michoacan,9,27.5,1
2017,Michoacan,9,32.5,10
2017,Michoacan,9,37.5,4
2017,Michoacan,9,42.5,1
2017,Michoacan,9,NA,1
2017,Michoacan,10,22.5,1
2017,Michoacan,10,27.5,24
2017,Michoacan,10,32.5,38
2017,Michoacan,10,37.5,20
2017,Michoacan,10,42.5,6
2017,Michoacan,10,57.5,2
2017,Michoacan,11,22.5,14
2017,Michoacan,11,27.5,38
2017,Michoacan,11,32.5,34
2017,Michoacan,11,37.5,17
2017,Michoacan,11,42.5,11
2017,Michoacan,11,47.5,4
2017,Michoacan,11,52.5,1
2017,Michoacan,12,17.5,2
2017,Michoacan,12,22.5,46
2017,Michoacan,12,27.5,55
2017,Michoacan,12,32.5,16
2017,Michoacan,12,37.5,2
2017,Michoacan,12,42.5,2
2017,Michoacan,12,47.5,2
2017,Michoacan,12,57.5,1
2017,Michoacan,12,67.5,1
2017,Nayarit,2,72.5,1
2017,Nayarit,2,77.5,1
2017,Nayarit,2,82.5,4
2017,Nayarit,3,22.5,19
2017,Nayarit,3,27.5,133
2017,Nayarit,3,32.5,55
2017,Nayarit,3,37.5,33
2017,Nayarit,3,42.5,26
2017,Nayarit,3,47.5,22
2017,Nayarit,3,52.5,39
2017,Nayarit,3,57.5,29
2017,Nayarit,3,62.5,17
2017,Nayarit,3,67.5,10
2017,Nayarit,3,82.5,5
2017,Nayarit,3,87.5,20
2017,Nayarit,3,92.5,13
2017,Nayarit,3,97.5,4
2017,Nayarit,5,17.5,1
2017,Nayarit,5,22.5,2
2017,Nayarit,5,27.5,23
2017,Nayarit,5,32.5,51
2017,Nayarit,5,37.5,18
2017,Nayarit,5,42.5,6
2017,Nayarit,5,47.5,7
2017,Nayarit,5,52.5,10
2017,Nayarit,5,57.5,13
2017,Nayarit,5,62.5,14
2017,Nayarit,5,67.5,3
2017,Nayarit,5,72.5,4
2017,Nayarit,5,77.5,1
2017,Nayarit,5,82.5,1
2017,Nayarit,5,87.5,1
2017,Nayarit,6,22.5,1
2017,Nayarit,6,27.5,2
2017,Nayarit,6,32.5,57
2017,Nayarit,6,37.5,40
2017,Nayarit,6,42.5,13
2017,Nayarit,6,47.5,22
2017,Nayarit,6,52.5,1
2017,Nayarit,6,57.5,2
2017,Nayarit,6,62.5,1
2017,Nayarit,6,67.5,1
2017,Nayarit,6,72.5,2
2017,Nayarit,6,77.5,1
2017,Nayarit,7,17.5,15
2017,Nayarit,7,22.5,49
2017,Nayarit,7,27.5,19
2017,Nayarit,7,32.5,15
2017,Nayarit,7,37.5,3
2017,Nayarit,7,NA,1
2017,Nayarit,8,22.5,7
2017,Nayarit,8,27.5,17
2017,Nayarit,8,32.5,7
2017,Nayarit,8,37.5,1
2017,Nayarit,8,42.5,3
2017,Nayarit,8,52.5,6
2017,Nayarit,8,57.5,4
2017,Nayarit,8,62.5,5
2017,Nayarit,8,67.5,2
2017,Nayarit,8,72.5,1
2017,Nayarit,9,22.5,19
2017,Nayarit,9,27.5,4
2017,Nayarit,9,52.5,1
2017,Nayarit,10,12.5,2
2017,Nayarit,10,17.5,4
2017,Nayarit,10,22.5,23
2017,Nayarit,10,27.5,48
2017,Nayarit,11,32.5,5
2017,Nayarit,11,37.5,20
2017,Nayarit,11,42.5,20
2017,Nayarit,11,47.5,3
2017,Nayarit,11,52.5,2
2017,Nayarit,11,57.5,1
2017,Nayarit,11,72.5,1
2017,Nayarit,11,77.5,2
2017,Nayarit,11,82.5,1
2017,Nayarit,11,NA,1
2017,Nayarit,12,17.5,1
2017,Nayarit,12,22.5,68
2017,Nayarit,12,27.5,37
2017,Nayarit,12,47.5,2
2017,Nayarit,12,52.5,7
2017,Nayarit,12,57.5,13
2017,Nayarit,12,62.5,5
2017,Nayarit,12,67.5,1
2017,Oaxaca,2,27.5,2
2017,Oaxaca,2,32.5,15
2017,Oaxaca,2,37.5,4
2017,Oaxaca,3,22.5,1
2017,Oaxaca,3,27.5,63
2017,Oaxaca,3,32.5,85
2017,Oaxaca,3,37.5,6
2017,Oaxaca,3,52.5,2
2017,Oaxaca,4,22.5,7
2017,Oaxaca,4,27.5,43
2017,Oaxaca,4,32.5,180
2017,Oaxaca,4,37.5,159
2017,Oaxaca,4,42.5,19
2017,Oaxaca,4,47.5,2
2017,Oaxaca,4,52.5,1
2017,Oaxaca,4,57.5,3
2017,Oaxaca,4,62.5,2
2017,Oaxaca,5,27.5,11
2017,Oaxaca,5,32.5,140
2017,Oaxaca,5,37.5,173
2017,Oaxaca,5,42.5,28
2017,Oaxaca,5,47.5,2
2017,Oaxaca,6,22.5,1
2017,Oaxaca,6,27.5,58
2017,Oaxaca,6,32.5,129
2017,Oaxaca,6,37.5,112
2017,Oaxaca,6,42.5,9
2017,Oaxaca,6,47.5,2
2017,Oaxaca,6,52.5,1
2017,Oaxaca,6,57.5,1
2017,Oaxaca,6,62.5,2
2017,Oaxaca,6,67.5,23
2017,Oaxaca,6,72.5,20
2017,Oaxaca,6,77.5,6
2017,Oaxaca,7,27.5,7
2017,Oaxaca,7,32.5,15
2017,Oaxaca,7,37.5,19
2017,Oaxaca,7,42.5,9
2017,Oaxaca,7,47.5,1
2017,Oaxaca,7,52.5,13
2017,Oaxaca,7,57.5,7
2017,Oaxaca,7,62.5,6
2017,Oaxaca,7,67.5,3
2017,Oaxaca,7,72.5,4
2017,Oaxaca,7,77.5,2
2017,Oaxaca,7,82.5,1
2017,Oaxaca,8,27.5,3
2017,Oaxaca,8,32.5,54
2017,Oaxaca,8,37.5,25
2017,Oaxaca,8,42.5,1
2017,Oaxaca,8,52.5,1
2017,Oaxaca,8,57.5,2
2017,Oaxaca,8,62.5,9
2017,Oaxaca,8,67.5,8
2017,Oaxaca,8,72.5,6
2017,Oaxaca,8,77.5,5
2017,Oaxaca,9,27.5,5
2017,Oaxaca,9,32.5,20
2017,Oaxaca,9,37.5,7
2017,Oaxaca,9,42.5,2
2017,Oaxaca,9,52.5,4
2017,Oaxaca,9,57.5,2
2017,Oaxaca,9,62.5,16
2017,Oaxaca,9,67.5,44
2017,Oaxaca,9,72.5,25
2017,Oaxaca,9,77.5,11
2017,Oaxaca,9,82.5,2
2017,Oaxaca,10,22.5,1
2017,Oaxaca,10,27.5,79
2017,Oaxaca,10,32.5,82
2017,Oaxaca,10,37.5,38
2017,Oaxaca,10,42.5,41
2017,Oaxaca,10,47.5,19
2017,Oaxaca,10,52.5,15
2017,Oaxaca,10,57.5,5
2017,Oaxaca,10,62.5,3
2017,Oaxaca,10,67.5,5
2017,Oaxaca,10,72.5,3
2017,Oaxaca,11,22.5,1
2017,Oaxaca,11,27.5,25
2017,Oaxaca,11,32.5,63
2017,Oaxaca,11,37.5,93
2017,Oaxaca,11,42.5,38
2017,Oaxaca,11,47.5,5
2017,Oaxaca,11,52.5,22
2017,Oaxaca,11,57.5,12
2017,Oaxaca,11,62.5,1
2017,Oaxaca,12,32.5,1
2017,Oaxaca,12,37.5,4
2017,Oaxaca,12,42.5,11
2017,Oaxaca,12,47.5,9
2017,Oaxaca,12,52.5,10
2017,Oaxaca,12,57.5,3
2017,Oaxaca,12,62.5,8
2017,Oaxaca,12,72.5,1
2017,Oaxaca,12,77.5,1
2017,Oaxaca,12,82.5,1
2017,Sinaloa,1,27.5,11
2017,Sinaloa,1,32.5,22
2017,Sinaloa,1,37.5,8
2017,Sinaloa,2,32.5,6
2017,Sinaloa,2,37.5,15
2017,Sinaloa,2,42.5,7
2017,Sinaloa,2,47.5,1
2017,Sinaloa,3,22.5,5
2017,Sinaloa,3,27.5,52
2017,Sinaloa,3,32.5,43
2017,Sinaloa,3,37.5,16
2017,Sinaloa,3,42.5,6
2017,Sinaloa,3,47.5,4
2017,Sinaloa,4,22.5,1
2017,Sinaloa,4,27.5,20
2017,Sinaloa,4,32.5,29
2017,Sinaloa,4,37.5,2
2017,Sinaloa,4,52.5,5
2017,Sinaloa,4,57.5,4
2017,Sinaloa,4,62.5,4
2017,Sinaloa,4,67.5,1
2017,Sinaloa,5,22.5,1
2017,Sinaloa,5,27.5,40
2017,Sinaloa,5,32.5,94
2017,Sinaloa,5,37.5,21
2017,Sinaloa,5,42.5,7
2017,Sinaloa,5,62.5,1
2017,Sinaloa,5,67.5,1
2017,Sinaloa,6,22.5,1
2017,Sinaloa,6,27.5,14
2017,Sinaloa,6,32.5,20
2017,Sinaloa,7,22.5,2
2017,Sinaloa,7,27.5,39
2017,Sinaloa,7,32.5,67
2017,Sinaloa,7,37.5,2
2017,Sinaloa,8,27.5,1
2017,Sinaloa,8,32.5,33
2017,Sinaloa,8,37.5,5
2017,Sinaloa,10,22.5,11
2017,Sinaloa,10,27.5,34
2017,Sinaloa,10,32.5,50
2017,Sinaloa,10,37.5,43
2017,Sinaloa,11,32.5,4
2017,Sinaloa,11,37.5,15
2017,Sinaloa,11,42.5,2
2017,Sinaloa,12,27.5,14
2017,Sinaloa,12,32.5,21
2017,Sinaloa,12,37.5,15
2017,Sinaloa,12,42.5,1
2017,Sonora,3,32.5,1
2017,Sonora,4,27.5,4
2017,Sonora,4,32.5,10
2017,Sonora,4,37.5,1
2017,Sonora,6,27.5,1
2017,Sonora,6,32.5,7
2017,Sonora,6,37.5,34
2017,Sonora,6,42.5,21
2017,Sonora,7,27.5,3
2017,Sonora,7,32.5,44
2017,Sonora,7,37.5,23
2017,Sonora,7,42.5,8
2017,Sonora,7,47.5,3
2017,Sonora,7,52.5,1
2017,Sonora,7,NA,54
2017,Sonora,8,27.5,38
2017,Sonora,8,32.5,76
2017,Sonora,8,37.5,9
2017,Sonora,8,42.5,35
2017,Sonora,8,47.5,21
2017,Sonora,8,52.5,13
2017,Sonora,8,57.5,9
2017,Sonora,8,62.5,6
2017,Sonora,8,67.5,5
2017,Sonora,8,72.5,4
2017,Sonora,9,32.5,8
2017,Sonora,9,37.5,35
2017,Sonora,9,42.5,39
2017,Sonora,9,47.5,23
2017,Sonora,9,52.5,3
2017,Sonora,9,77.5,1
2017,Sonora,9,NA,171
2017,Sonora,10,32.5,6
2017,Sonora,10,37.5,38
2017,Sonora,10,42.5,2
2017,Sonora,10,NA,314
2017,Sonora,11,32.5,12
2017,Sonora,11,37.5,15
2017,Sonora,11,42.5,4
2017,Sonora,11,47.5,1
2018,Chiapas,2,47.5,1
2018,Chiapas,2,57.5,1
2018,Chiapas,2,62.5,1
2018,Chiapas,2,67.5,1
2018,Michoacan,2,22.5,38
2018,Michoacan,2,27.5,36
2018,Michoacan,2,32.5,8
2018,Michoacan,3,17.5,10
2018,Michoacan,3,22.5,161
2018,Michoacan,3,27.5,124
2018,Michoacan,3,32.5,18
2018,Michoacan,3,37.5,4
2018,Michoacan,3,42.5,3
2018,Michoacan,3,62.5,1
2018,Michoacan,3,67.5,1
2018,Michoacan,4,22.5,89
2018,Michoacan,4,27.5,208
2018,Michoacan,4,32.5,55
2018,Michoacan,4,37.5,6
2018,Michoacan,4,42.5,1
2018,Michoacan,4,62.5,1
2018,Michoacan,4,72.5,1
2018,Michoacan,5,17.5,1
2018,Michoacan,5,22.5,51
2018,Michoacan,5,27.5,233
2018,Michoacan,5,32.5,111
2018,Michoacan,5,37.5,19
2018,Michoacan,5,42.5,2
2018,Michoacan,5,47.5,1
2018,Michoacan,5,57.5,1
2018,Michoacan,5,62.5,2
2018,Michoacan,5,72.5,1
2018,Michoacan,5,77.5,1
2018,Michoacan,6,22.5,3
2018,Michoacan,6,27.5,11
2018,Michoacan,6,32.5,12
2018,Michoacan,6,37.5,2
2018,Michoacan,6,42.5,1
2018,Michoacan,7,32.5,1
2018,Oaxaca,1,27.5,12
2018,Oaxaca,1,32.5,18
2018,Oaxaca,1,37.5,4
2018,Oaxaca,1,42.5,1
2018,Oaxaca,2,22.5,1
2018,Oaxaca,2,27.5,23
2018,Oaxaca,2,32.5,81
2018,Oaxaca,2,37.5,58
2018,Oaxaca,2,42.5,29
2018,Oaxaca,2,47.5,17
2018,Oaxaca,2,52.5,4
2018,Oaxaca,2,57.5,6
2018,Oaxaca,2,67.5,2
2018,Oaxaca,2,NA,5
2018,Oaxaca,3,27.5,29
2018,Oaxaca,3,32.5,85
2018,Oaxaca,3,37.5,138
2018,Oaxaca,3,42.5,57
2018,Oaxaca,3,47.5,45
2018,Oaxaca,3,52.5,48
2018,Oaxaca,3,57.5,24
2018,Oaxaca,3,62.5,14
2018,Oaxaca,3,67.5,11
2018,Oaxaca,3,72.5,3
2018,Oaxaca,3,77.5,2
2018,Oaxaca,3,NA,12
2018,Oaxaca,4,22.5,1
2018,Oaxaca,4,27.5,28
2018,Oaxaca,4,32.5,60
2018,Oaxaca,4,37.5,83
2018,Oaxaca,4,42.5,44
2018,Oaxaca,4,47.5,2
2018,Oaxaca,4,52.5,2
2018,Oaxaca,4,NA,23
2018,Oaxaca,5,27.5,26
2018,Oaxaca,5,32.5,93
2018,Oaxaca,5,37.5,58
2018,Oaxaca,5,42.5,25
2018,Oaxaca,5,47.5,2
2018,Oaxaca,5,52.5,3
2018,Oaxaca,5,57.5,3
2018,Oaxaca,5,62.5,2
2018,Oaxaca,5,67.5,2
2018,Oaxaca,5,77.5,1
2018,Oaxaca,5,NA,29
2018,Oaxaca,6,27.5,4
2018,Oaxaca,6,32.5,88
2018,Oaxaca,6,37.5,55
2018,Oaxaca,6,42.5,21
2018,Oaxaca,6,47.5,11
2018,Oaxaca,6,52.5,7
2018,Oaxaca,6,57.5,1
2018,Oaxaca,6,62.5,2
2018,Oaxaca,6,67.5,4
2018,Oaxaca,6,NA,46
2018,Oaxaca,7,27.5,3
2018,Oaxaca,7,32.5,42
2018,Oaxaca,7,37.5,70
2018,Oaxaca,7,42.5,16
2018,Oaxaca,7,47.5,4
2018,Oaxaca,7,57.5,4
2018,Oaxaca,7,62.5,1
2018,Oaxaca,7,67.5,1
2018,Oaxaca,7,72.5,1
2018,Oaxaca,7,NA,11
2018,Oaxaca,8,22.5,1
2018,Oaxaca,8,32.5,21
2018,Oaxaca,8,37.5,75
2018,Oaxaca,8,42.5,4
2018,Oaxaca,8,NA,3
2018,Oaxaca,9,27.5,26
2018,Oaxaca,9,32.5,33
2018,Oaxaca,9,37.5,38
2018,Oaxaca,9,42.5,27
2018,Oaxaca,9,47.5,10
2018,Oaxaca,9,NA,11
